710277894539513857,"If you voting Hillary, at least watch this, so you know what puddle of lies you jumping into. https://t.co/2HQztVQUHf",Thu Mar 17 01:33:41 +0000 2016,,,Negative
710277896246583301,RT @slone: BEST. VIDEO. EVER. https://t.co/vaOHL3fJ9W,Thu Mar 17 01:33:41 +0000 2016,"Murrells Inlet, SC",,Negative
710277896791859200,RT @lybr3: KKK grand dragon endorses Hillary Clinton for president | Fox News | https://t.co/BGXGz5vvkN,Thu Mar 17 01:33:41 +0000 2016,"Rutledge, Tennessee",Eastern Time (US & Canada),Negative
710277897668468736,RT @HeartOverdBars: Exit polls show Sanders won IL and MO. Why is no one talking about this? https://t.co/K7cLQjVWts,Thu Mar 17 01:33:41 +0000 2016,,,Negative
710277897366282240,"RT @LeahRBoss: Hillary Clinton has been in and around the White House for years. Her ""accomplishments"": 

Benghazi
National security breach‚Ä¶",Thu Mar 17 01:33:41 +0000 2016,Iowa,Central Time (US & Canada),Negative
710277898167451649,RT @JohnFromCranber: Hillary Email Shows Forces Were Ready to Respond to BENGHAZI https://t.co/vJOgp8Xyku Dem Inaction Cost 4 Lives #tcot h‚Ä¶,Thu Mar 17 01:33:41 +0000 2016,#AlwaysTrump,Pacific Time (US & Canada),Negative
710277900768043012,Trump has verbally threatened mass deportation of an entire religion and you're claiming Bernie supports genocide  https://t.co/1A2dWBDrkr,Thu Mar 17 01:33:42 +0000 2016,Where the culture is snobby,,Negative
710277900839297024,"business: Bernie who? For Hillary Clinton, it's time to turn to Trump https://t.co/QQmfGdvO4k https://t.co/fzdb7hG515",Thu Mar 17 01:33:42 +0000 2016,"Cleveland Street, Burlington	",Bucharest,Negative
710277900843524097,@EndElderAbuse @HARRISFAULKNER Get the petition to stop court apptd guardianship abuse to presidential candidates https://t.co/85E2irGg3w,Thu Mar 17 01:33:42 +0000 2016,United States,,Negative
710277902651109377,"RT @DoubleEagle49: Donald Trump, in new video, treats Hillary Clinton like a punch line https://t.co/yOD7nlt3Xx",Thu Mar 17 01:33:42 +0000 2016,U.S.A. ,,Negative
710277905109004288,RT @novenator: #StillSanders bc Clinton has received more campaign $ from drug companies than any candidate in either party https://t.co/lt‚Ä¶,Thu Mar 17 01:33:43 +0000 2016,SouthEastern USA,,Negative
710277905989828613,"RT @wikileaks: Hillary Clinton's ""loyal adoring pal"" Lynn Forester de Rothschild https://t.co/5bVG0gZy4X https://t.co/opETODqwEK",Thu Mar 17 01:33:43 +0000 2016,Right around the corner ,Pacific Time (US & Canada),Negative
710277906073669633,Oh boyüòÇ https://t.co/DIGNfhwsrq,Thu Mar 17 01:33:43 +0000 2016,,,Negative
710277907914985472,RT @Blavity: 17 Receipts that capture Hillary Clinton's attempt to rewrite history #HistorybyHillary https://t.co/iAJa00Spad https://t.co/m‚Ä¶,Thu Mar 17 01:33:44 +0000 2016,"Austin, TX",Pacific Time (US & Canada),Negative
710277909685084162,RT @BillKristol: Why an Independent Republican candidacy could make sense. https://t.co/YbdbcMe0G3,Thu Mar 17 01:33:44 +0000 2016,"Boston, MA",Eastern Time (US & Canada),Negative
710277909693526016,"RT @STrimel: Time for Hillary to hit up Big Banks, Big Oil, Big Pharma again.  https://t.co/2NOAKsupiu",Thu Mar 17 01:33:44 +0000 2016,,Pacific Time (US & Canada),Negative
710277911018921984,"Check out Bernie Sanders (033) GrassRoots Window Decal 3.5"" x 7"" White #FeelTheBern #BSDMS  https://t.co/XV3km9jOdh via @eBay",Thu Mar 17 01:33:44 +0000 2016,Central Ohio,Eastern Time (US & Canada),Neutral
710277918790803456,RT @DJROBBZ_BLOG: #StillSanders What's also worth REMEMBERING is this ISN'T 2008 AND 50% 4 #Bernie DIDN'T‚ùé4 Hillary in 08&amp; WON'T in 16 http‚Ä¶,Thu Mar 17 01:33:46 +0000 2016,,Tehran,Negative
710277919965388804,RT @xstex: Bernie Sanders is a G. Can't stop watching this. üòÇ https://t.co/FT7Q0hip2x,Thu Mar 17 01:33:47 +0000 2016,Virginia,Eastern Time (US & Canada),Negative
710277919914917889,RT @Blavity: 17 Receipts that capture Hillary Clinton's attempt to rewrite history #HistorybyHillary https://t.co/iAJa00Spad https://t.co/m‚Ä¶,Thu Mar 17 01:33:47 +0000 2016,The 'Dena,Pacific Time (US & Canada),Negative
710277920745349120,RT @voteforclintons: Hillary Clinton #Vote4Hillary to want a Secure Future in #Idaho #Murphy - https://t.co/qfpqi55HBt https://t.co/VPaF57W‚Ä¶,Thu Mar 17 01:33:47 +0000 2016,"HillaryVillage, CA",,Negative
710277921731190784,RT @JackJackJohnson: I'm voting for Bernie Sanders. Great human being.,Thu Mar 17 01:33:47 +0000 2016,God has a plan ‚Ä¢ 3/12 ,Brasilia,Negative
710277924516012032,More maternal stereotypes https://t.co/A0gx5GtrFK,Thu Mar 17 01:33:48 +0000 2016,West Vancouver,,Negative
710277928085422081,"RT @audreyringrose: https://t.co/oZNLJflW5C Hillary a WEAK, ILL HEALTH HACK THAT COULD NEVER BE POTUS OF ANYTHING BUT FRAUD!",Thu Mar 17 01:33:49 +0000 2016,"Atlanta, GA",,Negative
710277928844726272,RT @missmynt: Corporate media: your tactics won't work. We still #FeelTheBern  https://t.co/P0Oly8IhT6,Thu Mar 17 01:33:49 +0000 2016,"Trenton, NJ",Eastern Time (US & Canada),Negative
710277930748919810,"RT @LeahRBoss: Hillary Clinton has been in and around the White House for years. Her ""accomplishments"": 

Benghazi
National security breach‚Ä¶",Thu Mar 17 01:33:49 +0000 2016,Greatest counrty in the world!,Eastern Time (US & Canada),Negative
710277930975436801,Can Bernie Sanders Still Win the Democratic Nomination? https://t.co/VcLHGhCdvV,Thu Mar 17 01:33:49 +0000 2016,Chicago,,Negative
710277931860250624,Donald trump will not win and so won't Hillary Clinton. What do I mean? They can have a title of presidency but this country will revolt.,Thu Mar 17 01:33:49 +0000 2016,satx ‚û° cstat,Pacific Time (US & Canada),Negative
710277932019687425,you're also #ImWithEpstein get your hands off the children https://t.co/oD4ixQ9M7V https://t.co/UlVVmxb3iR,Thu Mar 17 01:33:49 +0000 2016,United States,Pacific Time (US & Canada),Negative
710277932959277057,RT @babyfincher: pic of me watching broad city tonight knowing damn well ilana wexler would be a die hard bernie sanders fan https://t.co/4‚Ä¶,Thu Mar 17 01:33:50 +0000 2016,"Montr√©al, Qu√©bec",Eastern Time (US & Canada),Negative
710277933781295105,#StillSanders All of the Top 10 Corporate Tax Dodgers Have Donated to Hillary Clinton https://t.co/qnOGzHtlcl #AZprimary,Thu Mar 17 01:33:50 +0000 2016,Minnesota,Pacific Time (US & Canada),Negative
710277935710666752,RT @BreitbartNews: Donald Trump Blocks Bernie Sanders Speech from TV https://t.co/uDytpoAc9N,Thu Mar 17 01:33:50 +0000 2016,USA ,,Negative
710277935987613696,"Instead of voting for Donald Trump or Hillary Clinton, let's all just smoke weed and not vote.",Thu Mar 17 01:33:50 +0000 2016,snapchat: joshbassett,,Negative
710277936629288960,RT @iHitModelsRaw: Lmaoooo RT @iamclifford_: bernie sanders in his early 20s https://t.co/k1JqY2XZxk,Thu Mar 17 01:33:51 +0000 2016,,Georgetown,Neutral
710277937325600768,"RT @Thom_Hartmann: Believe It or Not, Bernie Sanders Outperformed Projections on Super Tuesday II ‚Äì And the Calendar‚Ä¶ https://t.co/HUQAptrE‚Ä¶",Thu Mar 17 01:33:51 +0000 2016,U.S.,Atlantic Time (Canada),Negative
710277941330968577,"My history teacher was talking about yesterdays caucus' and he accidentely slipped up and said ""Hitle-Hillary Clinton""",Thu Mar 17 01:33:52 +0000 2016,los angeles,Pacific Time (US & Canada),Negative
710277942614462464,"RT @vivabernie: 1st Berta Caceres now Nelson Garcia have been assassinated n still Hillary Clinton has ?'s to answer.
#StillSanders https:/‚Ä¶",Thu Mar 17 01:33:52 +0000 2016,,Pacific Time (US & Canada),Negative
710277944044883968,RT @jbarro: Bernie Sanders is winning a landslide among voters whose favorite book is The Catcher in the Rye.,Thu Mar 17 01:33:52 +0000 2016,"Massachusetts, USA",Eastern Time (US & Canada),Negative
710277945152024576,RT @netbacker: The funniest part of the anti-Sanders left ranters is how eagerly they adopt DLC anti-Bernie talking points from the mainstr‚Ä¶,Thu Mar 17 01:33:53 +0000 2016,"Pacific Northwest, USA",Pacific Time (US & Canada),Negative
710277946834087938,RT @RobinDallasTX: @JohnFromCranber Hillary Clinton was fired for making evidence up in Watergate https://t.co/yJVUkpFgy2,Thu Mar 17 01:33:53 +0000 2016,,,Negative
710277950617165824,y'all stop playing and vote for Bernie Sanders ‚ÄºÔ∏è‚ÄºÔ∏è‚ÄºÔ∏è‚ÄºÔ∏è https://t.co/Qiah38naCs,Thu Mar 17 01:33:54 +0000 2016,TX ,,Negative
710277952802594816,RT @democracynow: TV Networks Ignore Bernie Sanders‚Äô Speech Tuesday Night https://t.co/TDWFAEHnyq,Thu Mar 17 01:33:54 +0000 2016,Connecticut,Atlantic Time (Canada),Negative
710277954048278528,RT @_taylorhoeve_: @brieruch2 this is what you look like https://t.co/g0y2bHCf45,Thu Mar 17 01:33:55 +0000 2016,,,Negative
710277958099976192,#StillSanders https://t.co/b5SmeujMhY,Thu Mar 17 01:33:56 +0000 2016,US,London,Negative
710277958410219520,#StillSanders #feelthebern https://t.co/aASZjGHxfS,Thu Mar 17 01:33:56 +0000 2016,,,Negative
710277958884323329,"RT @dcexaminer: Bernie Sanders campaign: ""The process was front loaded"" for Clinton https://t.co/V6jCt70zUb https://t.co/eVsRmESlqI",Thu Mar 17 01:33:56 +0000 2016,"South Florida, Nevada ‚úÖ",America/New_York,Negative
710277958511017984,RT @moisturizeds: somebody come get hillary clinton https://t.co/QZT1VcVVrJ,Thu Mar 17 01:33:56 +0000 2016,"Staten Island, NY",,Negative
710277960939376645,"RT @totalfratmove: Watch Hillary Clinton Lie For 14 Straight Minutes, Because Politics Are Honestly Hilarious: https://t.co/MBkK67Rt3o http‚Ä¶",Thu Mar 17 01:33:56 +0000 2016,Mn,Central Time (US & Canada),Negative
710277961623146496,"NY Times busted for anti-Bernie bias: The iconic, Clinton-endorsing newspaper slyly edits article to smear Sanders https://t.co/snuLimc0x7",Thu Mar 17 01:33:57 +0000 2016,"Athens, OH via The DMV",Atlantic Time (Canada),Negative
710277962646466560,RT @Moon___Sister: #StillSanders because he cares about my #ApacheStronghold sisters and brothers when no one else did. https://t.co/oBI2UJ‚Ä¶,Thu Mar 17 01:33:57 +0000 2016,"Phoenix, AZ",,Negative
710277962700959744,Hillary tried to change security rules to use her Blackberry: https://t.co/l6fs8qYKaD @dapperdavec @chadtweetsstuff https://t.co/QbIHbp5E1q,Thu Mar 17 01:33:57 +0000 2016,"Las Vegas, NV",Pacific Time (US & Canada),Negative
710277970531758080,RT @slone: BEST. VIDEO. EVER. https://t.co/vaOHL3fJ9W,Thu Mar 17 01:33:59 +0000 2016,United States,,Negative
710277971576160256,"RT @wikileaks: Hillary Clinton's ""loyal adoring pal"" Lynn Forester de Rothschild https://t.co/5bVG0gZy4X https://t.co/opETODqwEK",Thu Mar 17 01:33:59 +0000 2016,#TGDN  #TCOT,Central Time (US & Canada),Negative
710277971676766210,"RT @NoChillOnTinder: Someone come get Hillary Clinton 
https://t.co/CvXHMGzhBO",Thu Mar 17 01:33:59 +0000 2016,"Carolina, Puerto Rico",Atlantic Time (Canada),Negative
710277972926865408,RT @Yehudi3: Remembering When Mother Teresa Left Hillary Clinton in Stunned Silence on Abortion https://t.co/baLqqO2vK1,Thu Mar 17 01:33:59 +0000 2016,"Cape Cod, Ma",,Negative
710277974625554433,RT @jokerscool: Bernie Sanders Had a Phenomenal Night ‚Äî Here‚Äôs Why https://t.co/K7VmRbWvQ6  #tytlive #fyilive @IUNewsTalk,Thu Mar 17 01:34:00 +0000 2016,Florida,Eastern Time (US & Canada),Negative
710277975640506368,"Bernie Sanders Supporter Veers Off Road, Drives Over Trump Sign and Posts it Online (VIDEO) https://t.co/PkfMbZPqnZ via @gatewaypundit",Thu Mar 17 01:34:00 +0000 2016,United States,Eastern Time (US & Canada),Neutral
710277975611060227,RT @CNNPolitics: A new Donald Trump video uses Vladimir Putin to jab Hillary Clinton for barking like a dog https://t.co/WpfoTQSfrN https:/‚Ä¶,Thu Mar 17 01:34:00 +0000 2016,,Pacific Time (US & Canada),Negative
710277977821597696,"RT @KenGardner11: If you REALLY want to help Hillary Clinton, get Trump nominated. Hillary will crush him in a landslide.  https://t.co/Jrk‚Ä¶",Thu Mar 17 01:34:00 +0000 2016,NJ,Eastern Time (US & Canada),Negative
710277978517807105,"Bernie Sanders Supporter Veers Off Road, Drives Over Trump Sign and Posts it Online (VIDEO) https://t.co/UKByh2007d via @gatewaypundit",Thu Mar 17 01:34:01 +0000 2016,United States,Eastern Time (US & Canada),Neutral
710277980048793601,"RT @TheBriefing2016: .@MicNews: ""Two Reasons Hillary Clinton Is Now in Very Good Shape""  https://t.co/mXEhriSMvt",Thu Mar 17 01:34:01 +0000 2016,Los Angeles,Pacific Time (US & Canada),Negative
710277981390970880,RT @JohnFromCranber: Hillary Email Shows Forces Were Ready to Respond to BENGHAZI https://t.co/vJOgp8Xyku Dem Inaction Cost 4 Lives #tcot h‚Ä¶,Thu Mar 17 01:34:01 +0000 2016,,,Negative
710277980426264578,Name one thing Hillary Clinton ever did for black people? Sheeze all about the Hillary #BlackLivesMatter #bernie https://t.co/GS41g0cGLW,Thu Mar 17 01:34:01 +0000 2016,where i want to be,,Negative
710277981399191552,Disgusting #Democrat #Hillary #Clinton Calls #Police Officers to #Terrorists at #Iowa Forum | #BlueLivesMatter #Cops https://t.co/RAXMEmIQq0,Thu Mar 17 01:34:01 +0000 2016,Minnesota. God Bless America,,Negative
710277981055287296,Bernie Doesn‚Äôt Like Super PACs. What Happened to the Man Behind this Pro-Sanders One‚Ä¶ https://t.co/Lh7eHp7n4a https://t.co/ZdJ5B1pRSW,Thu Mar 17 01:34:01 +0000 2016,"Washington, DC",Eastern Time (US & Canada),Negative
710277982779219968,Let's show it every hour for free to tell you how bad it is...... https://t.co/heuxKlIvuG,Thu Mar 17 01:34:02 +0000 2016,"Virginia, USA",Eastern Time (US & Canada),Negative
710277984540692480,RT @rogiloc: Bernie federal healthcare will eliminate abortion coverage &amp; jeopardize birth control #StillSanders #ImWithHer https://t.co/9Q‚Ä¶,Thu Mar 17 01:34:02 +0000 2016,Everywhere,Central Time (US & Canada),Negative
710277985291468802,RT @stephenstephan: Did Monica Crowley uncover the REAL reason Hillary Clinton was so angry and shouty last night? (Hint: Probably!) https:‚Ä¶,Thu Mar 17 01:34:02 +0000 2016,United States,Eastern Time (US & Canada),Negative
710277986990297088,"""California ALONE Has 545 Delegates!"" Alan Grayson Says Bernie Sanders Still In Position To Win!
https://t.co/iKfw5hTLBH 
#stillsanders",Thu Mar 17 01:34:03 +0000 2016,,,Negative
710277994648981504,America's infrastructure is endangering her citizens. Bernie Sanders wants to see it repaired. #feelthebern,Thu Mar 17 01:34:04 +0000 2016,"Novato, California",America/Los_Angeles,Negative
710277995404136448,RT @JohnFromCranber: Hillary Email Shows Forces Were Ready to Respond to BENGHAZI https://t.co/vJOgp8Xyku Dem Inaction Cost 4 Lives #tcot h‚Ä¶,Thu Mar 17 01:34:05 +0000 2016,Texas where else is there ,Eastern Time (US & Canada),Negative
710277994913239040,JUST IN: Developments Lead Bernie Sanders To Consider Demand Of Missouri Recount https://t.co/RNT5LxoH2W,Thu Mar 17 01:34:04 +0000 2016,"North Haven, CT",Central Time (US & Canada),Negative
710277997773897728,RT @VICE: How Bernie Sanders could lose the nomination and still win the Democratic Party https://t.co/E7jEiD9ywr,Thu Mar 17 01:34:05 +0000 2016,,Pacific Time (US & Canada),Negative
710277997333315585,RT @WisdomReact: somebody come get hillary clinton https://t.co/gpyfyVdkC8,Thu Mar 17 01:34:05 +0000 2016,"Garden Grove, CA",,Negative
710277998394605568,"RT @totalfratmove: Watch Hillary Clinton Lie For 14 Straight Minutes, Because Politics Are Honestly Hilarious: https://t.co/MBkK67Rt3o http‚Ä¶",Thu Mar 17 01:34:05 +0000 2016,Stockton '18,Atlantic Time (Canada),Negative
710277999531151360,"RT @FunnyViness: Someone come get Hillary Clinton 
https://t.co/AJZxv2ma4D",Thu Mar 17 01:34:06 +0000 2016,"Victorville, CA",,Negative
710278002207121413,When you're daughter starts dating black guys  https://t.co/jWBrFEmccv,Thu Mar 17 01:34:06 +0000 2016,Colorado State University,Arizona,Negative
710278002358284288,"RT CNNPolitics ""A new Donald Trump video uses Vladimir Putin to jab Hillary Clinton for barking like a dog ‚Ä¶ https://t.co/o5LGrLirCR""",Thu Mar 17 01:34:06 +0000 2016,"Dhaka, Bangladesh",Dhaka,Negative
710278003494948866,RT @bwtanker: Remembering When Mother Teresa Left Hillary Clinton in Stunned Silence on Abortion https://t.co/zxPvsulhYU,Thu Mar 17 01:34:07 +0000 2016,,,Negative
710278003700457473,"RT @SandyGodfrey8: Your Tuesday Briefing: Hillary Clinton, John Kasich, Syria",Thu Mar 17 01:34:07 +0000 2016,,,Negative
710278003880697856,"RT @Vets4Bernie: In 2008, Barack Obama lost 21 states to Hillary Clinton before eventually beating her nationally. This ain't over folks. #‚Ä¶",Thu Mar 17 01:34:07 +0000 2016,"Idaho, USA",,Negative
710278005520670720,"RT @vivabernie: 1st Berta Caceres now Nelson Garcia have been assassinated n still Hillary Clinton has ?'s to answer.
#StillSanders https:/‚Ä¶",Thu Mar 17 01:34:07 +0000 2016,"San Francisco, CA",,Negative
710278007596851200,RT @Libertea2012: Matt Taibbi: 'How the New York Times Sandbagged Bernie Sanders' https://t.co/hWNh5GYzwD #NotMeUs https://t.co/wAfVEZZn2I,Thu Mar 17 01:34:07 +0000 2016,,Central Time (US & Canada),Negative
710278009907851264,RT @GirlfriendNotes: somebody come get hillary clinton  https://t.co/sX0CxC6yme,Thu Mar 17 01:34:08 +0000 2016,,,Negative
710278010138525696,"RT @dcexaminer: New York Times to Hillary Clinton: ""Stop dodging"" questions about your record https://t.co/uZPeKmoo3j https://t.co/I8N4KDGY‚Ä¶",Thu Mar 17 01:34:08 +0000 2016,U.S.A. ,,Negative
710278010054647808,RT @JohnFromCranber: Hillary Email Shows Forces Were Ready to Respond to BENGHAZI https://t.co/vJOgp8Xyku Dem Inaction Cost 4 Lives #tcot h‚Ä¶,Thu Mar 17 01:34:08 +0000 2016,"hot springs village, ar.",Pacific Time (US & Canada),Negative
710278012101644288,RT @NashedPotato_: Dear Bernie: If the presidency doesn't work out for you its ok! Join the army. Rise through the ranks to become colonel.‚Ä¶,Thu Mar 17 01:34:09 +0000 2016,‚Ä¢the beach‚Ä¢,,Negative
710278012214906880,RT @JohnFromCranber: Hillary Email Shows Forces Were Ready to Respond to BENGHAZI https://t.co/vJOgp8Xyku Dem Inaction Cost 4 Lives #tcot h‚Ä¶,Thu Mar 17 01:34:09 +0000 2016,,Pacific Time (US & Canada),Negative
710278016597798912,"Military Times survey: Troops back Donald Trump, Bernie Sanders for president https://t.co/Fqor86Fy2l",Thu Mar 17 01:34:10 +0000 2016,,,Negative
710278018904825856,RT @amrightnow: Hillary Clinton should be in Jail Not on the campaign Trail #realdonaldtrump #military #army #navy #usmc https://t.co/CL9tR‚Ä¶,Thu Mar 17 01:34:10 +0000 2016,,,Negative
710278019252940800,"Military Times survey: Troops back Donald Trump, Bernie Sanders for president https://t.co/dsqf1n3sNE",Thu Mar 17 01:34:10 +0000 2016,,,Negative
710278019219333120,RT @CNNPolitics: A new Donald Trump video uses Vladimir Putin to jab Hillary Clinton for barking like a dog https://t.co/WpfoTQSfrN https:/‚Ä¶,Thu Mar 17 01:34:10 +0000 2016,Dispel This Notion,,Negative
710278023132483585,"RT @UnsolvedRHYME: Who is #DonaldTRUMP?
‚òÜ
A lil bit:
1 BillClinton
2 Ted Kennedy
3 Howard Stern
4 Bill O'Reilly
5 Hillary Clinton
6 D W Sch‚Ä¶",Thu Mar 17 01:34:11 +0000 2016,Republic of Texas,Tehran,Negative
710278023531073540,"RT @NMeleihi: ÿßÿ±ÿ¥ŸäŸÅ ŸáŸäŸÑÿßÿ±Ÿä ŸÉŸÑŸäŸÜÿ™ŸàŸÜ ÿßŸÑÿ•ŸÑŸÉÿ™ÿ±ŸàŸÜŸä !
Ÿäÿ®ÿØŸà ÿßŸÜŸá ÿ≥ŸäŸÉŸàŸÜ ÿ∂ÿ±ÿ®ÿ© ŸÇÿßÿµŸÖÿ© ŸÑÿ≠ŸÖŸÑÿ™Ÿáÿß ÿßŸÑÿ•ŸÜÿ™ÿÆÿßÿ®Ÿäÿ©
https://t.co/ad74btcQe5",Thu Mar 17 01:34:11 +0000 2016,,,Negative
710278023589658624,RT @cenkuygur: Because it's not about expectations anymore. He's got actually win the states &amp; win more delegates. Starting now. https://t.‚Ä¶,Thu Mar 17 01:34:11 +0000 2016,United States,,Negative
710278024147513348,RT @WPJohnWagner: Bernie Sanders and rapper Killer Mike at Busy Bee in Atlanta. https://t.co/jqOiLlMgrQ,Thu Mar 17 01:34:11 +0000 2016,,,Negative
710278023916986368,@SenSanders #HillYes @HillaryClinton #MadamPresident  https://t.co/zEwvGLbC6g,Thu Mar 17 01:34:11 +0000 2016,"Tampa, FL",Eastern Time (US & Canada),Negative
710278025124839424,RT @skoaldiver: Similar to what she did to all of Bill's ladies. #HillaryForPrison2016  https://t.co/PdZbN9Nf1z,Thu Mar 17 01:34:12 +0000 2016,CT,Eastern Time (US & Canada),Negative
710278032200609792,RT @25Jmo: Hillary Clinton is an idiot.,Thu Mar 17 01:34:13 +0000 2016,"Sunnyside, GA",Pacific Time (US & Canada),Negative
710278033429688325,I liked a @YouTube video from @justinj1232 https://t.co/SkKmb1alNH Super Tuesday Wins &amp; Why Bernie Sanders Lost Big,Thu Mar 17 01:34:14 +0000 2016,VA,Eastern Time (US & Canada),Negative
710278034125955072,"Bernie Sanders Supporter Veers Off Road, Drives Over Trump Sign and Posts it Online (VIDEO) https://t.co/PkfMbZPqnZ via @gatewaypundit",Thu Mar 17 01:34:14 +0000 2016,United States,Eastern Time (US & Canada),Neutral
710278035375677440,"RT @LeahR77: Trump Dogs Hillary With New Barking Clinton Ad (Video)üòõüê∫
  https://t.co/iyS7o9HMEW #Trump #HillaryForPrison2016 https://t.co/c‚Ä¶",Thu Mar 17 01:34:14 +0000 2016,,,Negative
710278036197941249,"Bernie Sanders Supporter Veers Off Road, Drives Over Trump Sign and Posts it Online (VIDEO) https://t.co/ab1Apktp1G via @gatewaypundit",Thu Mar 17 01:34:14 +0000 2016,United States,Eastern Time (US & Canada),Neutral
710278035639967744,"RT @hannahl0ve9: Hillary Clinton and Donald Trump are both out at sea when their boats start to sink - who's saved?
.
.
.
.
.
.
.
.
.

AMER‚Ä¶",Thu Mar 17 01:34:14 +0000 2016,,,Negative
710278038458605568,RT @sanderswillwin: The campaign for Bernie Sanders must continue until the convention. via /r/SandersForPresi‚Ä¶ https://t.co/gwB7aUrZyG htt‚Ä¶,Thu Mar 17 01:34:15 +0000 2016,"Florida, USA",Pacific Time (US & Canada),Negative
710278039880515584,"RT @totalfratmove: Watch Hillary Clinton Lie For 14 Minutes, Because Politics Are Honestly Hilarious (Video) &gt;&gt; https://t.co/MBkK67Rt3o htt‚Ä¶",Thu Mar 17 01:34:15 +0000 2016,South Carolina,Eastern Time (US & Canada),Negative
710278040509485057,@CNNnational  who cares what President Clinton that he got us out of War balance the budget vote for Hillary,Thu Mar 17 01:34:15 +0000 2016,Costa Mesa ,Pacific Time (US & Canada),Negative
710278041314967553,RT @CNN: Donald Trump video jabs Hillary Clinton for barking like a dog https://t.co/5xUQnqPhgN https://t.co/fxqtjxCzlN,Thu Mar 17 01:34:16 +0000 2016,1983,Atlantic Time (Canada),Negative
710278043252686849,Bernie Sanders draws his biggest crowd yet ‚Äî in Arizona of all places https://t.co/vgnafi1GEU,Thu Mar 17 01:34:16 +0000 2016,In The Mists of Avalon,Eastern Time (US & Canada),Negative
710278045475717120,DC Metro closure perfect example of Bernie Sanders' big government theory and its failure.,Thu Mar 17 01:34:17 +0000 2016,,Eastern Time (US & Canada),Negative
710278045563682816,"RT @kompascom: Hillary Clinton, Ani Yudhoyono dan Jalan Menjadi Pemimpin https://t.co/IGNvLZIOQd",Thu Mar 17 01:34:17 +0000 2016,"Makassar, Indonesia",Beijing,Negative
710278046075506688,Cursing is allowed if directed at Obama or Hilary. Bernie not worth the effort. https://t.co/y1yQPlnjqC,Thu Mar 17 01:34:17 +0000 2016,,,Negative
710278047811895296,"RT @TheFunnyFml: Bernie sanders is lit üî•
https://t.co/pQyfU5MfAD",Thu Mar 17 01:34:17 +0000 2016,,,Neutral
710278048222871552,RT @RevoltPolitic: Bernie Sanders' best states are yet to come. #StillSanders https://t.co/tAxWtcabj5,Thu Mar 17 01:34:17 +0000 2016,"Cherokee National Forest,TN/NC",,Negative
710278049334501376,RT @VICE: How Bernie Sanders could lose the nomination and still win the Democratic Party https://t.co/E7jEiD9ywr,Thu Mar 17 01:34:17 +0000 2016,kanye West's butthole,Arizona,Negative
710278049741189120,"RT @totalfratmove: Watch Hillary Clinton Lie For 14 Straight Minutes, Because Politics Are Honestly Hilarious: https://t.co/MBkK67Rt3o http‚Ä¶",Thu Mar 17 01:34:18 +0000 2016,,,Negative
710278051947421696,"When you married Bill, but your first love was Daquan  https://t.co/dJEyNwYSO7",Thu Mar 17 01:34:18 +0000 2016,,,Negative
710278055265046528,RT @CBCTheNational: It looks like the US could have to choose between Donald Trump &amp; Hillary Clinton this fall. https://t.co/1IF4qUT7cB htt‚Ä¶,Thu Mar 17 01:34:19 +0000 2016,"Calgary, Alberta",Central Time (US & Canada),Negative
710278058125561856,RT @Humans4Bernie: Jane Sanders dispels a few anti-Bernie talking points https://t.co/mMqFScDIG0 #FeeltheBern #Bernie2016,Thu Mar 17 01:34:20 +0000 2016,#Hogwarts ,Eastern Time (US & Canada),Negative
710278058637447168,I do not want Bernie Sanders to make it all he wants is 80% of my paycheck to give for free stuff https://t.co/1Seieyar8v,Thu Mar 17 01:34:20 +0000 2016,,,Negative
710278060315123712,RT @JohnFromCranber: Hillary Email Shows Forces Were Ready to Respond to BENGHAZI https://t.co/vJOgp8Xyku Dem Inaction Cost 4 Lives #tcot h‚Ä¶,Thu Mar 17 01:34:20 +0000 2016,Alsip.IL.,Central Time (US & Canada),Negative
710278060625543170,RT @Nashgrier: Bernie Sanders is the only candidate who truly has the people's best interest before his own #FeelTheBern,Thu Mar 17 01:34:20 +0000 2016,"La Plata, Argentina",Buenos Aires,Negative
710278062663999493,RT @RevoltPolitic: Bernie Sanders' best states are yet to come. #StillSanders https://t.co/tAxWtcabj5,Thu Mar 17 01:34:21 +0000 2016,,,Negative
710278068376440832,"RT @NoChillOnTinder: Someone come get Hillary Clinton 
https://t.co/CvXHMGzhBO",Thu Mar 17 01:34:22 +0000 2016,"Grapevine, Tx",,Negative
710278068766515200,RT @5050RecordLabel: BERNIE SANDERS HAS HIS VOTE! (retweet don't lol alone) https://t.co/IVOe8wzMbQ,Thu Mar 17 01:34:22 +0000 2016,"Vacherie,La",Central Time (US & Canada),Negative
710278068892356608,"RT @ThankYouBernie: thanks to hyper media spin, the troops are even more WOKE and committed. but keep forming those weapons, this is fun ht‚Ä¶",Thu Mar 17 01:34:22 +0000 2016,Pville California,Pacific Time (US & Canada),Negative
710278070863663105,"RT @GottaBernNow: Sorry, Hillary, but we‚Äôre done: I‚Äôm switching to Bernie Sanders https://t.co/mr2pikGpck #BernieSanders @BernieSanders #Hi‚Ä¶",Thu Mar 17 01:34:23 +0000 2016,,Pacific Time (US & Canada),Negative
710278072432517121,It's all over for Sanders - here's how the maths stacks up against him https://t.co/BoNVqb9hck,Thu Mar 17 01:34:23 +0000 2016,"Springfield, WV",Eastern Time (US & Canada),Negative
710278072646262784,"RT @GuerrillaDems: Bernie Sanders Had a Phenomenal Night https://t.co/svs4j5Lcg2

#StillSanders #ImWithHer #WeAreBernie https://t.co/kYPdWe‚Ä¶",Thu Mar 17 01:34:23 +0000 2016,Arizona,Arizona,Negative
710278072973574144,RT @FHCPublications: Bernie Sanders &amp; Donald Trump were in town the last two weeks and students visited their rallies. Our story: https://t‚Ä¶,Thu Mar 17 01:34:23 +0000 2016,kamikaze pizza,Eastern Time (US & Canada),Negative
710278074403852289,RT @Nashgrier: Bernie Sanders is the only candidate who truly has the people's best interest before his own #FeelTheBern,Thu Mar 17 01:34:23 +0000 2016,Chile - The world,,Negative
710278076144459777,RT @ayylmao: Bernie sanders is lit üî• https://t.co/A9EcriiGqB,Thu Mar 17 01:34:24 +0000 2016,"Cape Elizabeth, Maine",Eastern Time (US & Canada),Neutral
710278075951349760,@linda_her https://t.co/nekvCUkKwv,Thu Mar 17 01:34:24 +0000 2016,Michigan My Michigan,Eastern Time (US & Canada),Negative
710278079994851330,#TheNewsClub #RT  Hillary Clinton emails on #Brazil's #Lula da Silva and cables: https://t.co/CMxeTCZ19T: Hillary ‚Ä¶ https://t.co/SpqpH3XSXj,Thu Mar 17 01:34:25 +0000 2016,Check us out!!,Pacific Time (US & Canada),Negative
710278080816873472,"RT @LeahRBoss: Hillary Clinton has been in and around the White House for years. Her ""accomplishments"": 

Benghazi
National security breach‚Ä¶",Thu Mar 17 01:34:25 +0000 2016,"Van Alstyne, Texas",Central Time (US & Canada),Negative
710278081198628864,RT @NyniaChance: You know why Corporate Media is desperately declaring DNC primary over? They know future states favor #StillSanders https:‚Ä¶,Thu Mar 17 01:34:25 +0000 2016,The Mitten State,,Negative
710278083849224192,RT @franifio: Hillary Clinton's War Record--what we aren't talking about and why it matters. A deeper dive for @ajplus https://t.co/IhVMY2E‚Ä¶,Thu Mar 17 01:34:26 +0000 2016,,,Negative
710278085489381376,ALERT: Bernie Sanders Just Issued This Message To All Gun Owners... SPREAD THIS https://t.co/yMW3oKomr1,Thu Mar 17 01:34:26 +0000 2016,,,Negative
710278088261767169,RT @Libertea2012: Matt Taibbi: 'How the New York Times Sandbagged Bernie Sanders' https://t.co/hWNh5GYzwD #NotMeUs https://t.co/wAfVEZZn2I,Thu Mar 17 01:34:27 +0000 2016,,Eastern Time (US & Canada),Negative
710278089918427136,"Hillary is a good egg, smile or no. https://t.co/6b1DYxmhqr",Thu Mar 17 01:34:27 +0000 2016,"Marion, Michigan",,Negative
710278093781356545,"RT @NoChillOnTinder: Someone come get Hillary Clinton 
https://t.co/CvXHMGzhBO",Thu Mar 17 01:34:28 +0000 2016,,,Negative
710278097610735616,RT @NyniaChance: You know why Corporate Media is desperately declaring DNC primary over? They know future states favor #StillSanders https:‚Ä¶,Thu Mar 17 01:34:29 +0000 2016,"Death Valley, CA ",,Negative
710278099649298432,@Category0ne @TwitchyTeam SO VOTE HILLARY CLINTON,Thu Mar 17 01:34:29 +0000 2016,Boston,Eastern Time (US & Canada),Negative
710278100840550401,RT @newtgingrich: DC Metro closure perfect example of Bernie Sanders' big government theory and its failure.,Thu Mar 17 01:34:30 +0000 2016,,,Negative
710278099905200128,"@ramseyellismd @peterdaou According to this, she's not loved among the general electorate. https://t.co/6eqOH6qfTf",Thu Mar 17 01:34:30 +0000 2016,,,Negative
710278101318512640,RT @newtgingrich: DC Metro closure perfect example of Bernie Sanders' big government theory and its failure.,Thu Mar 17 01:34:30 +0000 2016,"Austin, TX",Central Time (US & Canada),Negative
710278102056882176,RT @BestComedyVine: Bernie sanders is lit üî• https://t.co/mI2qcEQaU7,Thu Mar 17 01:34:30 +0000 2016,"Tuscaloosa, AL ‚û°Ô∏è Atlanta, GA",Quito,Neutral
710278102396567552,RT @stacys_reality: Pro-Bernie Sanders super PAC leader charged with fraud https://t.co/aw7gXA3HxL via @YahooNews,Thu Mar 17 01:34:30 +0000 2016,USA ,Eastern Time (US & Canada),Negative
710278101985415168,Probably drunk and spun out on drugs...purchased by trading EBT card. https://t.co/PG1kRQeO9I,Thu Mar 17 01:34:30 +0000 2016,,,Negative
710278105923919872,RT @Plantflowes: Bernie Sanders can be a national hero if he drops out and helps Hillary Clinton defeat Trump https://t.co/dGDquPcz2L via @‚Ä¶,Thu Mar 17 01:34:31 +0000 2016,,Arizona,Negative
710278108415434752,"RT @michaelallenmar: Your Prescription Prices? 
HILLARY CLINTON tops 2016 field in BIG PHARMA DONATIONS
https://t.co/Yi1Wk1hvMD ‚Ä¶ https://t‚Ä¶",Thu Mar 17 01:34:32 +0000 2016,,Pacific Time (US & Canada),Negative
710278109124136960,RT @fuzzOli: #StillSanders BC Hillary shows her true colors. But the media never bothers to call her on it. https://t.co/UHMdWxkatj,Thu Mar 17 01:34:32 +0000 2016,"Las Cruces, NM",Central Time (US & Canada),Negative
710278109577256960,"Hillary Clinton ‚Äì 2016 Election bio, delegate count via @cnnpolitics https://t.co/2vwFEyrJ2l hi how are you",Thu Mar 17 01:34:32 +0000 2016,,,Negative
710278110504030208,I find Bernie reminds me a bit of Jack Kemp. https://t.co/O0LEcdH8fh,Thu Mar 17 01:34:32 +0000 2016,"Washington, DC, USSR",Central Time (US & Canada),Negative
710278114643939328,RT @amrightnow: Hillary Clinton should be in Jail Not on the campaign Trail #realdonaldtrump #military #army #navy #usmc https://t.co/FcR2J‚Ä¶,Thu Mar 17 01:34:33 +0000 2016,Michigan,,Negative
710278117135233026,RT @timjhogan: Up in AZ today: Gabrielle Giffords featured in new TV ad for Hillary Clinton https://t.co/LbglCCp7V8,Thu Mar 17 01:34:34 +0000 2016,"Denver, Colorado",Atlantic Time (Canada),Negative
710278119609872384,Me afüòÇüòÇüòÇüòÇüòÇüòÇüòÇüòÇ https://t.co/Ml1Ma2ulOM,Thu Mar 17 01:34:34 +0000 2016,,,Negative
710278120323026944,The Latest: Hillary Clinton wins Ohio‚Äôs Democratic primary... https://t.co/JXqFoicX00,Thu Mar 17 01:34:34 +0000 2016,Idaho,Pacific Time (US & Canada),Negative
710278121774157824,RT @ggreenwald: Stunning how little attention Dems have given any of this (and doesn't include her heinous Israel/Palestine views): https:/‚Ä¶,Thu Mar 17 01:34:35 +0000 2016,,,Negative
710278122873163777,"RT @FunnyViness: Someone come get Hillary Clinton 
https://t.co/AJZxv2ma4D",Thu Mar 17 01:34:35 +0000 2016,"Prairieville, LA",,Negative
710278124706070528,RT @newtgingrich: DC Metro closure perfect example of Bernie Sanders' big government theory and its failure.,Thu Mar 17 01:34:35 +0000 2016,,Eastern Time (US & Canada),Negative
710278128191586306,Backlash after Hillary Clinton is told to 'smile': Those who call Hillary Clinton a shouter‚Ä¶ https://t.co/nenCCZxfkJ,Thu Mar 17 01:34:36 +0000 2016,,Greenland,Negative
710278130091597824,EE. UU.: Trump y Clinton ganan y se acercan a nominaci√≥n presidencial https://t.co/DgZqn1QyJH v√≠a @RevistaSemana,Thu Mar 17 01:34:37 +0000 2016,"Caracas, Venezuela",,Negative
710278130875764736,"RT @GuerrillaDems: Bernie Sanders is Setup for a Winning Streak https://t.co/TRtEz84eUQ

#StillSanders #ImWithHer #Bernie2016 https://t.co/‚Ä¶",Thu Mar 17 01:34:37 +0000 2016,,,Negative
710278130229850113,#StillSanders https://t.co/K5po6Rczjj,Thu Mar 17 01:34:37 +0000 2016,,,Negative
710278134898278400,RT @newtgingrich: DC Metro closure perfect example of Bernie Sanders' big government theory and its failure.,Thu Mar 17 01:34:38 +0000 2016,USA ,,Negative
710278135032451072,RT @newtgingrich: DC Metro closure perfect example of Bernie Sanders' big government theory and its failure.,Thu Mar 17 01:34:38 +0000 2016,United States,,Negative
710278138337501184,RT @EverydaySexism: Male commentators suggest Hillary Clinton should smile more and lower her voice https://t.co/FM5DDqYsKy #everydaysexism,Thu Mar 17 01:34:39 +0000 2016,Venice,,Negative
710278140006764545,RT @cenkuygur: Because it's not about expectations anymore. He's got actually win the states &amp; win more delegates. Starting now. https://t.‚Ä¶,Thu Mar 17 01:34:39 +0000 2016,,,Negative
710278150933110784,RT @adjunctprofessr: Trumptastic! ...and funny too! https://t.co/bpWUBKiSPj,Thu Mar 17 01:34:42 +0000 2016,,,Negative
710278151063126017,RT @newtgingrich: DC Metro closure perfect example of Bernie Sanders' big government theory and its failure.,Thu Mar 17 01:34:42 +0000 2016,"Cincinnati,NorthernKentucky ",Eastern Time (US & Canada),Negative
710278151872581632,RT @RawStory: Watch the Bernie Sanders speech the networks wouldn‚Äôt show you https://t.co/ORfxUydEHf,Thu Mar 17 01:34:42 +0000 2016,,,Negative
710278152472231936,RT @newtgingrich: DC Metro closure perfect example of Bernie Sanders' big government theory and its failure.,Thu Mar 17 01:34:42 +0000 2016,"Sydney, Australia.",Sydney,Negative
710278153185284096,RT @_Gagankhinda: I've heard this a few times myself. Do you Hil!  https://t.co/3jvvpA8U8P,Thu Mar 17 01:34:42 +0000 2016,California,Kuwait,Negative
710278154221293568,RT @AfiaOnTheRun: Hillary Clinton changed her ENTIRE platform to match Bernie Sanders after seeing low numbers and how people identified wi‚Ä¶,Thu Mar 17 01:34:42 +0000 2016,,Pacific Time (US & Canada),Negative
710278155119026176,RT @slone: BEST. VIDEO. EVER. https://t.co/vaOHL3fJ9W,Thu Mar 17 01:34:43 +0000 2016,New Haven Ct,Eastern Time (US & Canada),Negative
710278155953692673,RT @RushCity4Bernie: How the New York Times sandbagged Bernie Sanders. I will not let the MSM dissuade me. I'm #StillSanders https://t.co/v‚Ä¶,Thu Mar 17 01:34:43 +0000 2016,,,Negative
710278156532510720,Reasons to vote for Hillary https://t.co/BtkZlXwJRH #Hillary2016 #Hillary #Clinton #Vote https://t.co/BtkZlXwJRH,Thu Mar 17 01:34:43 +0000 2016,"Southport, NC",Eastern Time (US & Canada),Negative
710278157543211008,RT @JeremyVCruz: Did Hillary Clinton Just Say on LIVE TV That She Traded Her Iraq War Vote For $20 Billion of NY Rebuilding Funds?  https:/‚Ä¶,Thu Mar 17 01:34:43 +0000 2016,,Eastern Time (US & Canada),Negative
710278162077253632,"RT @SelenaRobinson3: Police: Bo/Dean/Hillary Clinton has served as secretary of state, senator from New York, first lady of the United Stat‚Ä¶",Thu Mar 17 01:34:44 +0000 2016,USA,Atlantic Time (Canada),Negative
710278163079630848,RT @Eliza_Feero: Experience doesn't=success. #StillSanders #NotMeUs #FeelTheBern #WhichHillary #warHillary #EnoughIsEnough #peace‚úåÔ∏èüèº https:‚Ä¶,Thu Mar 17 01:34:45 +0000 2016,"Dubuque, IA",Central Time (US & Canada),Negative
710278163293601792,"RT @Mariel_Bailey: She'll be looking for a long, long time. https://t.co/UO97GJZyw5",Thu Mar 17 01:34:45 +0000 2016,"Anacortes, WA",Pacific Time (US & Canada),Negative
710278166716096512,"RT @wikileaks: Hillary Clinton email: ""The Murdochs are almost literally going crazy. James Murdoch..."" https://t.co/FGituTqm5I https://t.c‚Ä¶",Thu Mar 17 01:34:45 +0000 2016,Louisiana,Central Time (US & Canada),Negative
710278167848574976,RT @shirleycolleen: Did Hillary Clinton Just Admit on LIVE TV That Her Iraq War Vote Was a Bribe? (VIDEO) https://t.co/DQQ08eESv3,Thu Mar 17 01:34:46 +0000 2016,Washington State,Pacific Time (US & Canada),Negative
710278168066674688,"RT @NoChillOnTinder: Someone come get Hillary Clinton 
https://t.co/CvXHMGzhBO",Thu Mar 17 01:34:46 +0000 2016,,Eastern Time (US & Canada),Negative
710278169241190400,RT @jaflowers2: JUST IN: Developments Lead Bernie Sanders To Consider Demand Of Missouri Recount https://t.co/JblkuZntOc I thought he won M‚Ä¶,Thu Mar 17 01:34:46 +0000 2016,FL|NY|NC|GA|CA: World Traveler,America/New_York,Negative
710278168855203840,RT @WPJohnWagner: Bernie Sanders draws thousands in downtown Phoenix. http://t.co/4sbcY91mzv,Thu Mar 17 01:34:46 +0000 2016,,Pacific Time (US & Canada),Neutral
710278170667167744,I love how people forget that Hillary Clinton and Donald Trump are on the same side.,Thu Mar 17 01:34:46 +0000 2016,"Seattle, Washington",Pacific Time (US & Canada),Negative
710278173179682816,Bernie Sanders is like that one good girlfriend you cheated on.....and now you stuck with these hoes forever...and you know you fucked up,Thu Mar 17 01:34:47 +0000 2016,LA to ATL,Eastern Time (US & Canada),Negative
710278174496661505,how can you say you took someone down when you sound like a hillary clinton rally,Thu Mar 17 01:34:47 +0000 2016,megan. 19. she/her. ,London,Negative
710278175750684672,RT @jagdan2: Cursing is allowed if directed at Obama or Hilary. Bernie not worth the effort. https://t.co/y1yQPlnjqC,Thu Mar 17 01:34:48 +0000 2016,"California, USA",Arizona,Negative
710278176044294144,RT @mkh531: Man caring for mom with Alzheimer's leaves Hillary Clinton choked up #ImWithHer https://t.co/eHbOJva2QO,Thu Mar 17 01:34:48 +0000 2016,,,Negative
710278176140869632,Hillary Clinton: 'We Didn't Lose A Single Person' In Libya! - The Federalist https://t.co/TaokTk9gxX #Libya #Feb17,Thu Mar 17 01:34:48 +0000 2016,,,Negative
710278177977806848,RT @beckdomee: somebody come get hillary clinton  https://t.co/eja3HV33gj,Thu Mar 17 01:34:48 +0000 2016,brownsburg,Hawaii,Negative
710278182641926144,@landonleuck Bernie Sanders! LOL!,Thu Mar 17 01:34:49 +0000 2016,"Wilkes-Barre, PA",,Negative
710278185238339584,"RT @NoChillOnTinder: Someone come get Hillary Clinton 
https://t.co/CvXHMGzhBO",Thu Mar 17 01:34:50 +0000 2016,,Central Time (US & Canada),Negative
710278188379693056,"RT @NoChillOnTinder: Someone come get Hillary Clinton 
https://t.co/CvXHMGzhBO",Thu Mar 17 01:34:51 +0000 2016,,,Negative
710278190623686656,"RT @FunnyViness: Someone come get Hillary Clinton 
https://t.co/AJZxv2ma4D",Thu Mar 17 01:34:51 +0000 2016,,Eastern Time (US & Canada),Negative
710278191064211457,@GeorgiaDemocrat Great job Hillary Clinton on having so much success. Let's hope she wins big in November.,Thu Mar 17 01:34:51 +0000 2016,"Atlanta, GA",,Negative
710278191907262465,RT @jpodhoretz: Please note Hillary has a million more primary votes than Trump https://t.co/PhlloYvENp,Thu Mar 17 01:34:51 +0000 2016,Boston/ Atlanta/Lowell,Eastern Time (US & Canada),Negative
710278192590815232,RT @Drunk_America: For all Bernie Sanders supporters https://t.co/9KPfiHmqrH,Thu Mar 17 01:34:52 +0000 2016,,,Negative
710278193610100736,@samwhiteout üòÇüòÇüòÇüíÄ https://t.co/Ey2fbMCJvS,Thu Mar 17 01:34:52 +0000 2016,,Bucharest,Negative
710278194897747968,RT @newtgingrich: DC Metro closure perfect example of Bernie Sanders' big government theory and its failure.,Thu Mar 17 01:34:52 +0000 2016,"Reston, VA.",Eastern Time (US & Canada),Negative
710278196734910464,Can you fucking Americans go to the fucking polls and VOTE FOR BERNIE SANDERS?!?! https://t.co/QyFrA655Js,Thu Mar 17 01:34:53 +0000 2016,Toronto,Eastern Time (US & Canada),Negative
710278197322117124,"RT @NoChillOnTinder: Someone come get Hillary Clinton 
https://t.co/CvXHMGzhBO",Thu Mar 17 01:34:53 +0000 2016,watching sunsets with tbonee4,Pacific Time (US & Canada),Negative
710278198823624704,RT @fuzzOli: #StillSanders BC Hillary shows her true colors. But the media never bothers to call her on it. https://t.co/UHMdWxkatj,Thu Mar 17 01:34:53 +0000 2016,,,Negative
710278199347957760,RT @Homsher_PhD: @r1965rainey @mustacheChuck Americans fear a life of 'dead-end crap jobs with crap wages' https://t.co/4eOH0Wi1Aq,Thu Mar 17 01:34:53 +0000 2016,Boston,Eastern Time (US & Canada),Negative
710278200325083136,"RT @WeNeedHillary: Hillary Clinton Is (By Far) the Most Trusted Candidate in 2016 https://t.co/NelTtYzFCj
#ShesWithUs #ImWithHer https://t.‚Ä¶",Thu Mar 17 01:34:53 +0000 2016,california,Pacific Time (US & Canada),Negative
710278201272963072,Even Hillary goddamn Clinton is told to smile.,Thu Mar 17 01:34:54 +0000 2016,Los Angeles ,Pacific Time (US & Canada),Negative
710278204863356928,RT @AndrewFrisbie05: When We Stand Together | Bernie Sanders ad https://t.co/rEcHGWqcdI via @YouTube #EnoughisEnough #FeeltheBern,Thu Mar 17 01:34:55 +0000 2016,,Midway Island,Negative
710278209401712640,"RT @TimBartender: Why Bernie Sanders Is Still The Only Choice #StillSanders
Live Call Ins - 323-870-4064 #BernieSanders
https://t.co/SvrrwB‚Ä¶",Thu Mar 17 01:34:56 +0000 2016,"Redding, CA",,Negative
710278209686798336,RT @cenkuygur: Because it's not about expectations anymore. He's got actually win the states &amp; win more delegates. Starting now. https://t.‚Ä¶,Thu Mar 17 01:34:56 +0000 2016,Right around the corner ,Pacific Time (US & Canada),Negative
710278210022465536,USA: Hillary Clinton appears to her disciples. https://t.co/mVSySVthaD https://t.co/m3L3eEiXbp,Thu Mar 17 01:34:56 +0000 2016,http://www.amazon.com/dp/B00HR,,Negative
710278210273980417,RT @msurowing9519: #StillSanders #feelthebern https://t.co/aASZjGHxfS,Thu Mar 17 01:34:56 +0000 2016,,Pacific Time (US & Canada),Negative
710278210794037248,"@abbeytrombley 
8. Met: Tyler 
Kind of: Troye Sivan, Paul Klein, Bernie Sanders, Bo Burnham
Soon: Dan and Phil üòä",Thu Mar 17 01:34:56 +0000 2016,the mitten,Pacific Time (US & Canada),Negative
710278211196686336,Hillary Clinton lying for 13 minutes straight. https://t.co/eqj6PLE6OQ,Thu Mar 17 01:34:56 +0000 2016,,,Negative
710278212169900032,RT @davesund: The Democratic Party is going to have very little patience for Sanders continuing to attack Hillary Clinton's character.,Thu Mar 17 01:34:56 +0000 2016, God First   #TeamJesus,Eastern Time (US & Canada),Negative
710278217324699649,#StillSanders #StillBernie  https://t.co/WyC2anLCKk,Thu Mar 17 01:34:57 +0000 2016,NYC,Eastern Time (US & Canada),Negative
710278218041810944,RT @flemingjude: Wikileaks server has been overloaded so if you want a partial archive of Hillary Clinton emails go here: https://t.co/Su0O‚Ä¶,Thu Mar 17 01:34:58 +0000 2016,,,Negative
710278220638199809,RT @missmynt: Corporate media: your tactics won't work. We still #FeelTheBern  https://t.co/P0Oly8IhT6,Thu Mar 17 01:34:58 +0000 2016,Los Angeles,Pacific Time (US & Canada),Negative
710278221342887938,@JagersBradyn @bradyn_jagers @JacobWolf24  https://t.co/EYi2c3gjsa,Thu Mar 17 01:34:58 +0000 2016,Annawan IL,Central Time (US & Canada),Negative
710278222898794497,RT @SDzzz: Bernie's followers eating it up - Republican groups tricking Democrats w/ faux-left attacks on Hillary Clinton https://t.co/iYfq‚Ä¶,Thu Mar 17 01:34:59 +0000 2016,"Richland, WA",,Negative
710278224589287425,ü§î https://t.co/5XHbnalO0q,Thu Mar 17 01:34:59 +0000 2016,"District of Columbia, USA",Eastern Time (US & Canada),Negative
710278225402982401,RT @1philatic1: I'm voting for Phillip @Phillips  https://t.co/TcrsOUc6su,Thu Mar 17 01:34:59 +0000 2016,Indiana,,Negative
710278226908553216,"RT @wikileaks: Hillary Clinton emails: 284 ""sensitive source"" emails https://t.co/Q9t38xJkCW",Thu Mar 17 01:35:00 +0000 2016,"Ladysmith, BC, Canada",,Negative
710278228968128512,"Check out Bernie Sanders (032) FtS Window Decal 3.5"" x 7"" White #FeelTheBern #BSDMS  https://t.co/o5M4GydnLB via @eBay",Thu Mar 17 01:35:00 +0000 2016,Central Ohio,Eastern Time (US & Canada),Neutral
710278229077008384,RT @newtgingrich: DC Metro closure perfect example of Bernie Sanders' big government theory and its failure.,Thu Mar 17 01:35:00 +0000 2016,"OrangeCounty, Ca",,Negative
710278230607945728,RT @e_consulta: Iniciar√°n campa√±a por Hillary Clinton en municipios de Puebla https://t.co/sV0KFjQDnp https://t.co/uXJht7mKQh,Thu Mar 17 01:35:01 +0000 2016,Mexico,Mexico City,Negative
710278230750732288,"RT @FunnyViness: Someone come get Hillary Clinton 
https://t.co/AJZxv2ma4D",Thu Mar 17 01:35:01 +0000 2016,casa pinga,Eastern Time (US & Canada),Negative
710278232956731392,"RT @kikesma: Para los que se desmayan con Trump y apoyan a Hillary Clinton. 
Recuerden que EUA no tiene amigos tienen intereses https://t.c‚Ä¶",Thu Mar 17 01:35:01 +0000 2016,,Central Time (US & Canada),Negative
710278233397153792,Republicans take the moderate that Obama is appointing you do not want Hillary Clinton's flaming liberal selection.,Thu Mar 17 01:35:01 +0000 2016,,Mountain Time (US & Canada),Negative
710278233565040644,"RT @ErikaAndiola: ‚ÄúTHIS IS COURAGE: Bernie Sanders‚Äô Wife, Jane, Challenges Sheriff Joe Arpaio on Racial Profiling‚Ä¶‚Äù‚Ää‚Äî‚Ää@Ed_Samaniego https:/‚Ä¶",Thu Mar 17 01:35:01 +0000 2016,"Adams, MA",Eastern Time (US & Canada),Negative
710278235121164288,RT @NewsBreaksLive: #VIDEO: Final Chance To '#Reintroduce' #Herself? https://t.co/gHQB5jnuq1,Thu Mar 17 01:35:02 +0000 2016,,,Negative
710278238984130560,"RT @UrbanEngIish: Bernie Sanders is a G, can't stop watching this üòÇ https://t.co/7nBnGdrDiT",Thu Mar 17 01:35:03 +0000 2016,cudderland,,Negative
710278241081229312,"RT @Say_Non_Now: @devinedianakins @MAHAMOSA 
https://t.co/TBALU0iap1",Thu Mar 17 01:35:03 +0000 2016,,,Negative
710278241748197377,RT @vivabernie: There is only 1 way Bernie Sanders can win We turn out the vote phonebank n fight for Bernie. #StillSanders everyday https:‚Ä¶,Thu Mar 17 01:35:03 +0000 2016,"Maryland, USA",Eastern Time (US & Canada),Negative
710278243119575041,eventually the gif of bernie sanders shocking trump will have been recompressed so many times that it will look like it was filmed by potato,Thu Mar 17 01:35:04 +0000 2016,Australia,Pacific Time (US & Canada),Negative
710278243849478144,RT @PRESlDENT_TRUMP: How badly will Trump defeat Hillary Clinton in the general election?,Thu Mar 17 01:35:04 +0000 2016,,,Negative
710278244382199808,"RT @totalfratmove: Watch Hillary Clinton Lie For 14 Straight Minutes, Because Politics Are Honestly Hilarious: https://t.co/MBkK67Rt3o http‚Ä¶",Thu Mar 17 01:35:04 +0000 2016,"palm beach/tallahassee, FL",Eastern Time (US & Canada),Negative
710278244889665536,RT @sanderswillwin: Bernie Sanders Holds Meeting with Asian-American Leaders to Talk Issues via /r/SandersForP‚Ä¶ https://t.co/Y1D1sN0QbI htt‚Ä¶,Thu Mar 17 01:35:04 +0000 2016,,Eastern Time (US & Canada),Negative
710278246202544129,RT @newtgingrich: DC Metro closure perfect example of Bernie Sanders' big government theory and its failure.,Thu Mar 17 01:35:04 +0000 2016,,Eastern Time (US & Canada),Negative
710278245749497856,HITLER DRANK WATER; BERNIE SANDERS DRINKS WATER. IM NO MATHEMATICIAN BUT THOSE SURE LOOK LIKE COLD HARD FACTS TO ME,Thu Mar 17 01:35:04 +0000 2016,Where the culture is snobby,,Negative
710278248173871104,"RT @gabymhoffmann: Everyone who needs a little Bernie boost should read this https://t.co/lOs6YYTflH
and then go volunteer! #stillsanders xx",Thu Mar 17 01:35:05 +0000 2016,,,Negative
710278249637662720,"RT @docrocktex26: Stop ‚Äúhelping‚Äù Hillary: Sorry, guys, but Clinton doesn‚Äôt need to smile, whisper, or have Kasich as her running mate https‚Ä¶",Thu Mar 17 01:35:05 +0000 2016,Wisconsin,,Negative
710278249608290305,"Election Takeaways: Hillary Clinton and Donald Trump Roll On, at Different Speeds https://t.co/p0y4OgAEMr",Thu Mar 17 01:35:05 +0000 2016,,,Negative
710278249910296576,RT @rgkee_: üò¥üò¥üò¥üò¥ did Hillary Clinton win president ?! https://t.co/9ADxaQwhVG,Thu Mar 17 01:35:05 +0000 2016,"Chester, SC ",,Negative
710278251361529857,RT @KandiRider: Disgusting #Democrat #Hillary #Clinton Calls #Police Officers to #Terrorists at #Iowa Forum | #BlueLivesMatter #Cops https:‚Ä¶,Thu Mar 17 01:35:06 +0000 2016,Canada,Eastern Time (US & Canada),Negative
710278252573528064,@NPR  U make me sick! U completely disregarded the fact that Bernie Sanders is still in the race today when you discussed replacing Scalia.,Thu Mar 17 01:35:06 +0000 2016,,Central Time (US & Canada),Negative
710278255534714880,RT @anissira: The Latest: Hillary Clinton wins Ohio‚Äôs Democratic primary... https://t.co/JXqFoicX00,Thu Mar 17 01:35:07 +0000 2016,Florida,Pacific Time (US & Canada),Negative
710278255861899265,"RT @JOSHB_52: Instead of voting for Donald Trump or Hillary Clinton, let's all just smoke weed and not vote.",Thu Mar 17 01:35:07 +0000 2016,"Miami, FL",Eastern Time (US & Canada),Negative
710278256054763520,RT @anissira: The Latest: Hillary Clinton wins Ohio‚Äôs Democratic primary... https://t.co/JXqFoicX00,Thu Mar 17 01:35:07 +0000 2016,Arkansas,Pacific Time (US & Canada),Negative
710278256142856192,@BBCWorld @CBCNews @POTUS @POTUSPressPool @politico @TheDemocrats @HillaryClinton #DNC #corrupt #NotMeUs ‚öñüèõü§îTwitter https://t.co/fzgpj9UfmJ,Thu Mar 17 01:35:07 +0000 2016,,,Negative
710278257179029507,RT @Lexiiness: Hillary Clinton is a political Taylor Swift,Thu Mar 17 01:35:07 +0000 2016,Mombasa ,Atlantic Time (Canada),Negative
710278258621677568,RT @AnnCoulter: John Kasich is a more effeminate version of Hillary Clinton.,Thu Mar 17 01:35:07 +0000 2016,United States,,Negative
710278259066408961,"RT @StopHateCrimez: When is the media going to ask Bernie Sanders to denounce all the rioters that were wearing @SenSanders stickers?
#Trum‚Ä¶",Thu Mar 17 01:35:07 +0000 2016,"Orcutt, CA",Arizona,Negative
710278258877534208,RT @anissira: The Latest: Hillary Clinton wins Ohio‚Äôs Democratic primary... https://t.co/JXqFoicX00,Thu Mar 17 01:35:07 +0000 2016,Utah,Pacific Time (US & Canada),Negative
710278259208925184,RT @beckdomee: somebody come get hillary clinton  https://t.co/eja3HV33gj,Thu Mar 17 01:35:07 +0000 2016,,,Negative
710278259057897472,GODDAMMIT HILARY CLITORIS! https://t.co/pdMmDl4pU6,Thu Mar 17 01:35:07 +0000 2016,"Los Angeles, Ca.",Arizona,Negative
710278260454612992,RT @anissira: The Latest: Hillary Clinton wins Ohio‚Äôs Democratic primary... https://t.co/JXqFoicX00,Thu Mar 17 01:35:08 +0000 2016,Wisconsin,Pacific Time (US & Canada),Negative
710278261037662208,RT @anissira: The Latest: Hillary Clinton wins Ohio‚Äôs Democratic primary... https://t.co/JXqFoicX00,Thu Mar 17 01:35:08 +0000 2016,Utah,Pacific Time (US & Canada),Negative
710278261415120896,RT @anissira: The Latest: Hillary Clinton wins Ohio‚Äôs Democratic primary... https://t.co/JXqFoicX00,Thu Mar 17 01:35:08 +0000 2016,"West Coast, USA",Pacific Time (US & Canada),Negative
710278261440249857,RT @anissira: The Latest: Hillary Clinton wins Ohio‚Äôs Democratic primary... https://t.co/JXqFoicX00,Thu Mar 17 01:35:08 +0000 2016,"Lancaster, PA, USA",Pacific Time (US & Canada),Negative
710278261838753792,RT @anissira: The Latest: Hillary Clinton wins Ohio‚Äôs Democratic primary... https://t.co/JXqFoicX00,Thu Mar 17 01:35:08 +0000 2016,"Wolverhampton WV14QZ, USA",Mountain Time (US & Canada),Negative
710278261897428992,RT @anissira: The Latest: Hillary Clinton wins Ohio‚Äôs Democratic primary... https://t.co/JXqFoicX00,Thu Mar 17 01:35:08 +0000 2016,,Pacific Time (US & Canada),Negative
710278262711123968,RT @anissira: The Latest: Hillary Clinton wins Ohio‚Äôs Democratic primary... https://t.co/JXqFoicX00,Thu Mar 17 01:35:08 +0000 2016,"Miami,FL",Pacific Time (US & Canada),Negative
710278264015577088,RT @anissira: The Latest: Hillary Clinton wins Ohio‚Äôs Democratic primary... https://t.co/JXqFoicX00,Thu Mar 17 01:35:09 +0000 2016,,Mountain Time (US & Canada),Negative
710278264711843840,RT @anissira: The Latest: Hillary Clinton wins Ohio‚Äôs Democratic primary... https://t.co/JXqFoicX00,Thu Mar 17 01:35:09 +0000 2016,Florida,Pacific Time (US & Canada),Negative
710278264879599616,"@megynkelly @newtgingrich @HillaryClinton The united states will survive Hillary Clinton, the Republican party will not survive Trump",Thu Mar 17 01:35:09 +0000 2016,Mission Viejo California,,Negative
710278264846045184,"All three networks ignored Bernie Sanders' speech Tuesday night, 'Standing By For Trump' https://t.co/cxW24GCRXL via @HuffPostPol",Thu Mar 17 01:35:09 +0000 2016,"Lihue, HI",,Negative
710278266385346560,RT @anissira: The Latest: Hillary Clinton wins Ohio‚Äôs Democratic primary... https://t.co/JXqFoicX00,Thu Mar 17 01:35:09 +0000 2016,,Pacific Time (US & Canada),Negative
710278267480059906,RT @anissira: The Latest: Hillary Clinton wins Ohio‚Äôs Democratic primary... https://t.co/JXqFoicX00,Thu Mar 17 01:35:09 +0000 2016,,Pacific Time (US & Canada),Negative
710278268541251585,RT @anissira: The Latest: Hillary Clinton wins Ohio‚Äôs Democratic primary... https://t.co/JXqFoicX00,Thu Mar 17 01:35:10 +0000 2016,"London, United Kingdom",Pacific Time (US & Canada),Negative
710278268944060417,RT @newtgingrich: DC Metro closure perfect example of Bernie Sanders' big government theory and its failure.,Thu Mar 17 01:35:10 +0000 2016,"Indiana, PA",,Negative
710278269883518976,This is you when you're older @lyndss20  https://t.co/z0SUhCnmhM,Thu Mar 17 01:35:10 +0000 2016,"New Jersey, USA",,Negative
710278270336503810,Bernie!: Because Fuck Jobs https://t.co/Tu9siQ2Qtu,Thu Mar 17 01:35:10 +0000 2016,SE Meeechigan / NW Ohio,Atlantic Time (Canada),Negative
710278271942991872,RT @joanwalsh: So Tad Devine says Sanders' hopes could come down to super-delegates. MoveOn wants to ban them. Oops. https://t.co/tOPT23n5Iw,Thu Mar 17 01:35:11 +0000 2016,"Illinois, USA",,Negative
710278273847189504,RT @sunnyherring1: #Democrats UnSerious/PunchLine 2 #ForeignPolicy=#HillaryClinton BarkingLikeDog!https://t.co/S8rAKG1tjZ #Left #Dems https‚Ä¶,Thu Mar 17 01:35:11 +0000 2016,,Quito,Negative
710278278565732352,RT @PRESlDENT_TRUMP: How badly will Trump defeat Hillary Clinton in the general election?,Thu Mar 17 01:35:12 +0000 2016,"Greenwood, IN",Berlin,Negative
710278278460923904,Gwad-d... https://t.co/f9CEsooFAe,Thu Mar 17 01:35:12 +0000 2016,manasota ,America/New_York,Negative
710278279094075393,RT @TrillAC_: Damn Bernie Sanders was really marching with Dr. King. That's crazy. https://t.co/N9OiM7dB7s,Thu Mar 17 01:35:12 +0000 2016,,,Negative
710278280696307713,"Sanders ""opened space for intolerable misogyny, including ...from self-identified progressive men and women.""   https://t.co/62AsajJ2K1",Thu Mar 17 01:35:13 +0000 2016,,Central Time (US & Canada),Negative
710278285255573505,RT @moisturizeds: somebody come get hillary clinton https://t.co/QZT1VcVVrJ,Thu Mar 17 01:35:14 +0000 2016,,,Negative
710278286824357888,"RT @FunnyViness: Someone come get Hillary Clinton 
https://t.co/AJZxv2ma4D",Thu Mar 17 01:35:14 +0000 2016,,,Negative
710278286891491328,RT @JohnFromCranber: Hillary Email Shows Forces Were Ready to Respond to BENGHAZI https://t.co/vJOgp8Xyku Dem Inaction Cost 4 Lives #tcot h‚Ä¶,Thu Mar 17 01:35:14 +0000 2016,,Eastern Time (US & Canada),Negative
710278286446714880,RT @Smiley_lovesU: üò≠üò≠üò≠RT @iamclifford_: bernie sanders in his early 20s https://t.co/Dbh4F86YGJ,Thu Mar 17 01:35:14 +0000 2016,bay area,Eastern Time (US & Canada),Neutral
710278291605884928,@uhmaddydavis me  https://t.co/trMeoBWFPM,Thu Mar 17 01:35:15 +0000 2016,snapchat : juliaalemmon,Eastern Time (US & Canada),Negative
710278292184670208,RT @bengeesaman: Hillary Clinton is literally stealing all of Bernie's ideas in her victory speech. Smh,Thu Mar 17 01:35:15 +0000 2016,,,Negative
710278292339822593,RT @NyniaChance: You know why Corporate Media is desperately declaring DNC primary over? They know future states favor #StillSanders https:‚Ä¶,Thu Mar 17 01:35:15 +0000 2016,United States,,Negative
710278293854015490,RT @aIdmeri: how can you say you took someone down when you sound like a hillary clinton rally,Thu Mar 17 01:35:16 +0000 2016,,London,Negative
710278294432849921,"Americans fear a life of 'dead-end crap jobs with crap wages' https://t.co/HYS9VtBFqm WELCOME TO OBAMAS AMERICA,EVERYONE WORKS RIGHT?",Thu Mar 17 01:35:16 +0000 2016,,Atlantic Time (Canada),Negative
710278294848061441,RT @Libertea2012: Matt Taibbi: 'How the New York Times Sandbagged Bernie Sanders' https://t.co/hWNh5GYzwD #NotMeUs https://t.co/kH00q7WqXr,Thu Mar 17 01:35:16 +0000 2016,"Gulf Coast, Florida",Eastern Time (US & Canada),Negative
710278295384756224,RT @gerfingerpoken2: Defund Hillary Clinton Planned Parenthood @PPact Baby Body Chop Shop: https://t.co/QAWYZy8JeE - #DefundPP - https://t.‚Ä¶,Thu Mar 17 01:35:16 +0000 2016,,,Negative
710278295988805637,RT @scottroth76: I will never vote for Hillary Clinton.,Thu Mar 17 01:35:16 +0000 2016,"Guanajuato, M√©xico",Pacific Time (US & Canada),Negative
710278296043393024,#StillSanders because Hillary is willing to suck money from modern day slavers.   https://t.co/lERvxlDQCA,Thu Mar 17 01:35:16 +0000 2016,Chicago,,Negative
710278301189705729,RT @Number6andCoke: Stop making Bernie Sanders a trend and more an actual option,Thu Mar 17 01:35:17 +0000 2016,my castle,Eastern Time (US & Canada),Negative
710278303467376640,New York Times busted for anti-Bernie bias: The Clinton-endorsing newspaper edit article to smear Sanders https://t.co/AIxzUbES1b via @Salon,Thu Mar 17 01:35:18 +0000 2016,NYC,Central Time (US & Canada),Negative
710278303966343168,RT @PhxKen: Remembering When Mother Teresa Left Hillary Clinton in Stunned Silence on Abortion‚Ä¶ https://t.co/1FhxvBN6SV via @WeaselZippers,Thu Mar 17 01:35:18 +0000 2016,Rocky Mountains,,Negative
710278306252398593,RT @unpredcitables: so far all of the adults I've talked to about politics say that Bernie sanders' ideas are wrong and trump has good plan‚Ä¶,Thu Mar 17 01:35:19 +0000 2016,"Lynchburg, VA",,Negative
710278306340278273,"RT @FunnyViness: Someone come get Hillary Clinton 
https://t.co/AJZxv2ma4D",Thu Mar 17 01:35:19 +0000 2016,tx,Central Time (US & Canada),Negative
710278307875581952,"RT @WorldStarFunny: Bernie Sanders is a G, can't stop watching this üòÇ https://t.co/qQWE9vITy0",Thu Mar 17 01:35:19 +0000 2016,,,Negative
710278307984633856,"RT @ZaidJilani: Bernie Sanders is the last voice of resistance to potentially years of wars, bad deals, growing inequality, and monied corr‚Ä¶",Thu Mar 17 01:35:19 +0000 2016,,,Negative
710278308332748801,Not really what I want to hear but it eases my mind https://t.co/crsRmxGHys,Thu Mar 17 01:35:19 +0000 2016,fuck dude idek,,Negative
710278309473624065,Donald Trump publica pol√©mica fotoshop mostrando a Bernie Sanders en una ordinariez y libertina acci√≥n. https://t.co/Kf4qyiKRZ4,Thu Mar 17 01:35:19 +0000 2016,"Santiago,  Chile ",,Negative
710278311029678081,RT @newtgingrich: DC Metro closure perfect example of Bernie Sanders' big government theory and its failure.,Thu Mar 17 01:35:20 +0000 2016,,,Negative
710278311482494977,RT @TrillSouth: Pledge no support to Hillary Clinton or Democrat Party until they represent the people #StillSanders  https://t.co/9aiRsKwY‚Ä¶,Thu Mar 17 01:35:20 +0000 2016,"Las Cruces, NM",Central Time (US & Canada),Negative
710278313495941120,"RT @NoChillOnTinder: Someone come get Hillary Clinton 
https://t.co/CvXHMGzhBO",Thu Mar 17 01:35:20 +0000 2016,,,Negative
710278312829034496,"RT @Mariel_Bailey: And I doubt if we ever will.  Hillary is for corporations; not people.

#StillSanders #AZPrimary #Idaho #Hawaii #NY http‚Ä¶",Thu Mar 17 01:35:20 +0000 2016,"Idaho, USA",Pacific Time (US & Canada),Negative
710278314691178496,RT @steveweinstein: Misogyny Dies Hard...Hillary Clinton Won Big Tuesday. Male Pundits Responded With These Sexist Tweets. https://t.co/46f‚Ä¶,Thu Mar 17 01:35:21 +0000 2016,,Central Time (US & Canada),Negative
710278316461334528,"RT @Colleges4Bernie: There are 27 primaries and caucuses between now and June 7, which is the day we expect to overtake Hillary Clinton's c‚Ä¶",Thu Mar 17 01:35:21 +0000 2016,,Quito,Negative
710278316847050752,RT @newtgingrich: DC Metro closure perfect example of Bernie Sanders' big government theory and its failure.,Thu Mar 17 01:35:21 +0000 2016,34¬∞ 3' 8 N; 118¬∞ 14' 34 W,Central Time (US & Canada),Negative
710278317165785088,Here's something Ted Cruz and Bernie Sanders have in common https://t.co/jZlDJ7LCWb,Thu Mar 17 01:35:21 +0000 2016,"Rochester, NY",,Negative
710278318877241345,RT @GirlfriendNotes: somebody come get hillary clinton  https://t.co/sX0CxC6yme,Thu Mar 17 01:35:22 +0000 2016,,,Negative
710278319397322753,RT @eeynouf: Judicial Watch: Email Reveals Top Aide Huma Abedin Warning State Department Staffer That Hillary Clinton Is ‚ÄúOften Confused‚Äù h‚Ä¶,Thu Mar 17 01:35:22 +0000 2016,,,Negative
710278319825035264,RT @aalali44: Wow. This is so unfair to Bernie's small donors. Selling unicorns till the bitter end. https://t.co/ohY5n9X8BQ,Thu Mar 17 01:35:22 +0000 2016,,Mountain Time (US & Canada),Negative
710278319774650368,"RT @Sadieisonfire: Believe it or not, sharing a Bernie Sanders meme on Facebook does not count as a vote, no matter how many times you do i‚Ä¶",Thu Mar 17 01:35:22 +0000 2016,,Brisbane,Negative
710278322694057984,RT @girlideas: somebody come get hillary clinton  https://t.co/SlsP6AgQFQ,Thu Mar 17 01:35:23 +0000 2016,,,Negative
710278323327229952,RT @KevinDarryl: @AC360  SANDERS HAS GONE TO FAR!! https://t.co/VgUCpu172i,Thu Mar 17 01:35:23 +0000 2016,"California, USA",Central Time (US & Canada),Negative
710278325734928385,RT @BillKristol: Why an Independent Republican candidacy could make sense. https://t.co/YbdbcMe0G3,Thu Mar 17 01:35:23 +0000 2016,"Boston, MA",,Negative
710278327840415744,What happened with Bernie Sanders? Whats this hashtag?,Thu Mar 17 01:35:24 +0000 2016,"Brookhaven, MS - Upstate NY",Eastern Time (US & Canada),Negative
710278328289079296,"https://t.co/MCMt4R3Ygg
Wow! 
Even progressives see it as a ""one party system!!""
 At least we can agree on that. #SadButVerdad :-(",Thu Mar 17 01:35:24 +0000 2016,Rolling in my Jeep,Pacific Time (US & Canada),Negative
710278330147209216,"RT @Vets4Bernie: In 2008, Barack Obama lost 21 states to Hillary Clinton before eventually beating her nationally. This ain't over folks. #‚Ä¶",Thu Mar 17 01:35:24 +0000 2016,,,Negative
710278330260410368,RT @JamesSchamus: How the 'New York Times' Sandbagged Bernie Sanders https://t.co/VV2Ani88N0 via @rollingstone,Thu Mar 17 01:35:24 +0000 2016,,Central Time (US & Canada),Negative
710278331376205824,RT @Humans4Bernie: Jane Sanders dispels a few anti-Bernie talking points https://t.co/mMqFScDIG0 #FeeltheBern #Bernie2016,Thu Mar 17 01:35:25 +0000 2016,"Nowhere, Indiana",,Negative
710278332923817984,RT @NyniaChance: You know why Corporate Media is desperately declaring DNC primary over? They know future states favor #StillSanders https:‚Ä¶,Thu Mar 17 01:35:25 +0000 2016,,,Negative
710278335717187584,"RT @NoChillOnTinder: Someone come get Hillary Clinton 
https://t.co/CvXHMGzhBO",Thu Mar 17 01:35:26 +0000 2016,"San Diego, CA",,Negative
710278335322951680,RT @JohnFromCranber: Hillary Email Shows Forces Were Ready to Respond to BENGHAZI https://t.co/vJOgp8Xyku Dem Inaction Cost 4 Lives #tcot h‚Ä¶,Thu Mar 17 01:35:26 +0000 2016,Republic of Texas,Pacific Time (US & Canada),Negative
710278336480542721,RT @RushCity4Bernie: How the New York Times sandbagged Bernie Sanders. I will not let the MSM dissuade me. I'm #StillSanders https://t.co/v‚Ä¶,Thu Mar 17 01:35:26 +0000 2016,Cali,Pacific Time (US & Canada),Negative
710278337579585536,"RT @totalfratmove: Watch Hillary Clinton Lie For 14 Straight Minutes, Because Politics Are Honestly Hilarious: https://t.co/MBkK67Rt3o http‚Ä¶",Thu Mar 17 01:35:26 +0000 2016,,,Negative
710278337168416769,"that tweet by bernie sanders saying ""they deserve to hear what a real honest politician sounds like"" to trump is fake?",Thu Mar 17 01:35:26 +0000 2016,,Tijuana,Negative
710278337789190144,"33 Percent of Bernie Supporters Will Not Vote for Hillary. I'm part of that 33%
#StillSanders
https://t.co/LfxLgih761 via @HuffPostPol",Thu Mar 17 01:35:26 +0000 2016,,Pacific Time (US & Canada),Negative
710278340515651584,"RT @HBot1283764: @ramseyellismd @peterdaou According to this, she's not loved among the general electorate. https://t.co/6eqOH6qfTf",Thu Mar 17 01:35:27 +0000 2016,,Pacific Time (US & Canada),Negative
710278340658249729,RT @iHitModelsRaw: Lmaoooo RT @iamclifford_: bernie sanders in his early 20s https://t.co/k1JqY2XZxk,Thu Mar 17 01:35:27 +0000 2016,MIA ‚òÄ FSU ‚û≥,Eastern Time (US & Canada),Neutral
710278340431613952,"Reverse that and I‚Äôm with ya!

;-) https://t.co/Dqc3qAw3Z0",Thu Mar 17 01:35:27 +0000 2016,,Pacific Time (US & Canada),Negative
710278341849432064,"Who‚Äôd You Rather Have As President? This Rock? Or Hillary Clinton?

The rock probably doesn‚Äôt know how to use email, so there‚Äôs that‚Ä¶",Thu Mar 17 01:35:27 +0000 2016,"Atlanta, GA",Quito,Negative
710278342805741568,"""BERNIE SANDERS IS ENDORSED BY CHEESY POOFS""
""I DON'T GIVE A DAMN IF HOT AIR BALLOONS YOU BETTER FIND OUT WHO DID NINE ELEVEN""",Thu Mar 17 01:35:27 +0000 2016,Texas Township.Michigan.USA,Eastern Time (US & Canada),Negative
710278345603346432,RT @newtgingrich: DC Metro closure perfect example of Bernie Sanders' big government theory and its failure.,Thu Mar 17 01:35:28 +0000 2016,"Waltham, MA",Pacific Time (US & Canada),Negative
710278353249505280,"RT @I_AmAmerica: Hillary Clinton is a race bating,plantation master minded,lying lady.Sad thing is that the Congressional Black Caucus,will‚Ä¶",Thu Mar 17 01:35:30 +0000 2016,South Carolina ,Eastern Time (US & Canada),Negative
710278354554003458,RT @Dory: somebody come get hillary clinton  https://t.co/YaUky7dcqC,Thu Mar 17 01:35:30 +0000 2016,Red White & Better than you ,,Negative
710278356969738240,"RT @Canine_Rights: Trump is not a hunter. Bill and Hillary Clinton are,  https://t.co/z0oZA9JcLm",Thu Mar 17 01:35:31 +0000 2016,,,Negative
710278359486500866,RT @JgomezswimGomez: When I ask a Bernie Sanders followers on how he plans to fund free college and how he expects to keep the economy movi‚Ä¶,Thu Mar 17 01:35:31 +0000 2016,,,Negative
710278359276584960,RT @SavageOnIy: Bernie Sanders is a G üòÇ https://t.co/fys3iVfICV,Thu Mar 17 01:35:31 +0000 2016,,,Neutral
710278361227075584,"RT @totalfratmove: Watch Hillary Clinton Lie For 14 Minutes, Because Politics Are Honestly Hilarious (Video) &gt;&gt; https://t.co/MBkK67Rt3o htt‚Ä¶",Thu Mar 17 01:35:32 +0000 2016,Memphis,Central Time (US & Canada),Negative
710278362367799296,hillary clinton looks like a buttered up alpaca that was twice cooked in the microwave  pass it on,Thu Mar 17 01:35:32 +0000 2016,,,Negative
710278363101855744,RT @EntheosShines: Hillary Clinton Demands Comedians Stop Making Jokes About Her - Tries To Censor Them &amp; Wants Their Personal Info https:/‚Ä¶,Thu Mar 17 01:35:32 +0000 2016,"Wyoming, USA",,Negative
710278363991154688,RT @vivabernie: There is only 1 way Bernie Sanders can win We turn out the vote phonebank n fight for Bernie. #StillSanders everyday https:‚Ä¶,Thu Mar 17 01:35:32 +0000 2016,Connecticut,,Negative
710278364343439365,RT @Smiley_lovesU: üò≠üò≠üò≠RT @iamclifford_: bernie sanders in his early 20s https://t.co/Dbh4F86YGJ,Thu Mar 17 01:35:33 +0000 2016,502,Central Time (US & Canada),Neutral
710278364339122176,"RT @Vets4Bernie: In 2008, Barack Obama lost 21 states to Hillary Clinton before eventually beating her nationally. This ain't over folks. #‚Ä¶",Thu Mar 17 01:35:33 +0000 2016,"Denver, Colorado",Mountain Time (US & Canada),Negative
710278364662255616,RT @newtgingrich: DC Metro closure perfect example of Bernie Sanders' big government theory and its failure.,Thu Mar 17 01:35:33 +0000 2016,"Naples, Florida",Atlantic Time (Canada),Negative
710278365089964032,RT @TrillAC_: Damn Bernie Sanders was really marching with Dr. King. That's crazy. https://t.co/N9OiM7dB7s,Thu Mar 17 01:35:33 +0000 2016,"Houston, TX",,Negative
710278365513654272,RT @NyniaChance: You know why Corporate Media is desperately declaring DNC primary over? They know future states favor #StillSanders https:‚Ä¶,Thu Mar 17 01:35:33 +0000 2016,"Massachusetts, USA",,Negative
710278366692122624,"RT @NoChillOnTinder: Someone come get Hillary Clinton 
https://t.co/CvXHMGzhBO",Thu Mar 17 01:35:33 +0000 2016,"Tahlequah, OK",,Negative
710278367375806465,RT @jaflowers2: JUST IN: Developments Lead Bernie Sanders To Consider Demand Of Missouri Recount https://t.co/JblkuZntOc I thought he won M‚Ä¶,Thu Mar 17 01:35:33 +0000 2016,Colorado,,Negative
710278368084627456,"RT @Colleges4Bernie: There are 27 primaries and caucuses between now and June 7, which is the day we expect to overtake Hillary Clinton's c‚Ä¶",Thu Mar 17 01:35:33 +0000 2016,WORLD,Eastern Time (US & Canada),Negative
710278369108107264,"RT @totalfratmove: Watch Hillary Clinton Lie For 14 Straight Minutes, Because Politics Are Honestly Hilarious: https://t.co/MBkK67Rt3o http‚Ä¶",Thu Mar 17 01:35:34 +0000 2016,,Eastern Time (US & Canada),Negative
710278370873839618,"@heatherklus Double standards aren't going anywhere though, which is unfortunate. https://t.co/PQwofSHOKb",Thu Mar 17 01:35:34 +0000 2016,"Twin Cities, MN",Mountain Time (US & Canada),Negative
710278372048379904,RT @sanderswillwin: Bernie Sanders Holds Meeting with Asian-American Leaders to Talk Issues via /r/SandersForP‚Ä¶ https://t.co/Y1D1sN0QbI htt‚Ä¶,Thu Mar 17 01:35:34 +0000 2016,"Boston, MA",Eastern Time (US & Canada),Negative
710278376351731712,#AnyoneButTrump  https://t.co/dduaFCMz4B,Thu Mar 17 01:35:35 +0000 2016,None of yo got damn business,Eastern Time (US & Canada),Negative
710278376641007616,"RT @JOSHB_52: Instead of voting for Donald Trump or Hillary Clinton, let's all just smoke weed and not vote.",Thu Mar 17 01:35:35 +0000 2016,FreeMyFavoriteUncle‚ú®,,Negative
710278376997527552,I never worry about my rights where Bernie Sanders is concerned.  #StillSanders,Thu Mar 17 01:35:36 +0000 2016,"Tucson, AZ ",,Negative
710278377958088704,RT @JohnFromCranber: Hillary Email Shows Forces Were Ready to Respond to BENGHAZI https://t.co/vJOgp8Xyku Dem Inaction Cost 4 Lives #tcot h‚Ä¶,Thu Mar 17 01:35:36 +0000 2016,"Sacramento, CA",Pacific Time (US & Canada),Negative
710278381015683072,"@BernieSanders Bio: Sen. Bernie Sanders is the longest serving independent in congressional history.""INDEPENDENT who called 4 primary of PBO",Thu Mar 17 01:35:37 +0000 2016,,Eastern Time (US & Canada),Negative
710278382064431104,"RT @NoChillOnTinder: Someone come get Hillary Clinton 
https://t.co/CvXHMGzhBO",Thu Mar 17 01:35:37 +0000 2016,,,Negative
710278382672457729,"RT @Lee_in_Iowa: He also forgets to mention, Hillary didn't support NAFTA; she was busy creating CHIPS, kids' health care. https://t.co/aKL‚Ä¶",Thu Mar 17 01:35:37 +0000 2016,"New Orleans,Louisiana",,Negative
710278383532244992,RT @JackJackJohnson: I'm voting for Bernie Sanders. Great human being.,Thu Mar 17 01:35:37 +0000 2016,California,Pacific Time (US & Canada),Negative
710278383607787520,Donald Trump attack ad on Hillary Clinton ... I can't stop laughing üòÇüòÇüòÇ @realDonaldTrump @HillaryClinton  https://t.co/a5IYbIEWnM,Thu Mar 17 01:35:37 +0000 2016,"Chicago, IL",Central Time (US & Canada),Negative
710278392025890817,RT @Cj112Connie: All the money in the world is not gonna help her beat Trump she should be very scared https://t.co/DQMBCgbTLU,Thu Mar 17 01:35:39 +0000 2016,ALTON ME,,Negative
710278393640525824,This is amazing. Worth the watch I promise  https://t.co/ZRjcbHXmql,Thu Mar 17 01:35:40 +0000 2016,"Jasper, IN/Chicago IL",Pacific Time (US & Canada),Negative
710278396408766464,RT @newtgingrich: DC Metro closure perfect example of Bernie Sanders' big government theory and its failure.,Thu Mar 17 01:35:40 +0000 2016,VERMONT SKI COUNTRY ,,Negative
710278399273603073,"RT @HoodBibIe: Bernie Sanders is a G, can't stop watching this üòÇ https://t.co/wI0FxW6ccg",Thu Mar 17 01:35:41 +0000 2016,,Eastern Time (US & Canada),Negative
710278399206547456,Is Salon advocating not voting if you don't get your way? How adult&amp;reasonable https://t.co/Lk782jAJFC,Thu Mar 17 01:35:41 +0000 2016,ohio,Eastern Time (US & Canada),Negative
710278399865065472,RT @Nashgrier: Bernie Sanders is the only candidate who truly has the people's best interest before his own #FeelTheBern,Thu Mar 17 01:35:41 +0000 2016,"Jo√£o Pessoa,PB",Santiago,Negative
710278400758288385,"RT @angelo24477107: Arizona state has always been with Hillary Clinton, so Bernie Sanders don't hang your hat there, her wheelhouse#!!#! ht‚Ä¶",Thu Mar 17 01:35:41 +0000 2016,"California, USA",Central Time (US & Canada),Negative
710278403140689920,"""Let's have the guts to give some leadership to this country!"" -Bernie Sanders",Thu Mar 17 01:35:42 +0000 2016,Space Sector 2814,,Negative
710278404247977984,"RT @FunnyViness: Someone come get Hillary Clinton 
https://t.co/AJZxv2ma4D",Thu Mar 17 01:35:42 +0000 2016,,Quito,Negative
710278404642316288,RT @Dory: somebody come get hillary clinton  https://t.co/YaUky7dcqC,Thu Mar 17 01:35:42 +0000 2016,west plano,Hawaii,Negative
710278404730257408,"JUST IN: Ted Cruz and Bernie Sanders considering recounts in Missouri primary
#BernieSanders you are a LOSER go home",Thu Mar 17 01:35:42 +0000 2016,‚îîA MALE,Pacific Time (US & Canada),Negative
710278406005506050,RT @Nashgrier: Bernie Sanders is the only candidate who truly has the people's best interest before his own #FeelTheBern,Thu Mar 17 01:35:42 +0000 2016,,,Negative
710278407657955328,"RT @broham689: If you voting Hillary, at least watch this, so you know what puddle of lies you jumping into. https://t.co/2HQztVQUHf",Thu Mar 17 01:35:43 +0000 2016,,Arizona,Negative
710278412149993476,Pledge no support to Hillary Clinton or Democrat Party https://t.co/JzvR20vQOE @moveon #StillSanders,Thu Mar 17 01:35:44 +0000 2016,"Charles Town, WV",,Negative
710278413953671168,Bernie Sanders draws his biggest crowd yet ‚Äî in Arizona of all places https://t.co/k1wFOTVmDq,Thu Mar 17 01:35:44 +0000 2016,Universal,Arizona,Negative
710278414100353024,RT @aalali44: Is this an admission that Bernie's run is a vanity campaign? https://t.co/0WOEv9RGy3,Thu Mar 17 01:35:44 +0000 2016,,Mountain Time (US & Canada),Negative
710278416717713408,I dunno. You were in DC a long time and never fixed it either. https://t.co/xfAPqOrQuQ,Thu Mar 17 01:35:45 +0000 2016,"Washington, DC via MN",,Negative
710278419972497408,"RT @jddickson: Who‚Äôd You Rather Have As President? This Rock? Or Hillary Clinton?

The rock probably doesn‚Äôt know how to use email, so ther‚Ä¶",Thu Mar 17 01:35:46 +0000 2016,"earth, for now...  ‚Ä†",Eastern Time (US & Canada),Negative
710278420165480448,Bill Clinton Admits Hillary-Soros Connection After Trump Protest https://t.co/P09RNusDuu via @realalexjones,Thu Mar 17 01:35:46 +0000 2016,,,Negative
710278421461528576,I'm sad for America. It's a shame Bernie Sanders won't be President üòî he was your best option.,Thu Mar 17 01:35:46 +0000 2016,london,London,Negative
710278421822046208,RT @novenator: #StillSanders All of the Top 10 Corporate Tax Dodgers Have Donated to Hillary Clinton https://t.co/qnOGzHtlcl #AZprimary,Thu Mar 17 01:35:46 +0000 2016,,Pacific Time (US & Canada),Negative
710278422703030272,RT @franifio: Hillary Clinton's War Record--what we aren't talking about and why it matters. A deeper dive for @ajplus https://t.co/IhVMY2E‚Ä¶,Thu Mar 17 01:35:46 +0000 2016,"Middletown, CT",,Negative
710278422954639360,@FoxNews @realDonaldTrump @SenatorSessions who cares..HILLARY CLINTON WILL BE POTUS,Thu Mar 17 01:35:47 +0000 2016,"Plant City, Florida",,Negative
710278425282535424,"RT @NoChillOnTinder: Someone come get Hillary Clinton 
https://t.co/CvXHMGzhBO",Thu Mar 17 01:35:47 +0000 2016,,,Negative
710278426607919108,"RT @FunnyViness: Someone come get Hillary Clinton 
https://t.co/AJZxv2ma4D",Thu Mar 17 01:35:47 +0000 2016,probably at a rave ,Hawaii,Negative
710278427127840768,üíÄ https://t.co/f2nqaQ94Jg,Thu Mar 17 01:35:48 +0000 2016,,,Negative
710278428088381445,"RT @OMGkee: Bernie Sanders...Thank you.
#FeelTheBern #StillSanders https://t.co/1AiVq48Nsd",Thu Mar 17 01:35:48 +0000 2016,"Bronx, NY",Central Time (US & Canada),Negative
710278430022098944,RT @Lexiiness: Hillary Clinton is a political Taylor Swift,Thu Mar 17 01:35:48 +0000 2016,"Worcester, MA",Eastern Time (US & Canada),Negative
710278431884374017,RT @djred678: DEMAND that Bernie Sanders releases his taxes from 91-15 like Hillary Clinton has #VettingBernie https://t.co/aMvQmQedE5,Thu Mar 17 01:35:49 +0000 2016,"Edmonton, Alberta, Canada",Arizona,Negative
710278436561002497,"RT @totalfratmove: Watch Hillary Clinton Lie For 14 Straight Minutes, Because Politics Are Honestly Hilarious: https://t.co/MBkK67Rt3o http‚Ä¶",Thu Mar 17 01:35:50 +0000 2016,,,Negative
710278436795904000,Roger Waters urges Bernie Sanders not to speak at AIPAC conference -- The Jerusalem Post https://t.co/PweHwqE5Dr,Thu Mar 17 01:35:50 +0000 2016,,Quito,Neutral
710278437072719872,RT @wikileaks: Hillary Emails: 117 emails from Tony Blair's secret email address 'aclb' https://t.co/m0m9cFgmr5 https://t.co/6SiCdGT1Ha,Thu Mar 17 01:35:50 +0000 2016,"Baden-W√ºrttemberg, Deutschland",Midway Island,Negative
710278437412282368,RT @fixbrokenstuff: #StillSanders #StillBernie  https://t.co/WyC2anLCKk,Thu Mar 17 01:35:50 +0000 2016,,Hawaii,Negative
710278438263898112,https://t.co/nPoOYmfaPH... https://t.co/eJZYBNxDjN,Thu Mar 17 01:35:50 +0000 2016,,,Negative
710278440226656257,"RT @RevoltPolitic: ‚ÄúStarting today, the map now shifts dramatically in our favor.‚Äù - Bernie Sanders #StillSanders https://t.co/MQkFkQUNoy",Thu Mar 17 01:35:51 +0000 2016,"North Carolina, USA",,Negative
710278440646086659,"Representation matters ""Every campaign except for Hillary Clinton's employees significantly more men than women""  https://t.co/9kmg0fqif9",Thu Mar 17 01:35:51 +0000 2016,"Chicago, IL",Central Time (US & Canada),Negative
710278442055503874,@jspoupart Yeah Hillary Clinton will just magically turn out Occupy Wall Street voters. Because PUMA. Good analysis @Maggyw519 @CathyTX,Thu Mar 17 01:35:51 +0000 2016,NYC,Eastern Time (US & Canada),Negative
710278442973958145,RT @newtgingrich: DC Metro closure perfect example of Bernie Sanders' big government theory and its failure.,Thu Mar 17 01:35:51 +0000 2016,"Twin Cities, MN Metro, USA",,Negative
710278443817000960,RT @ryansiskow: #ImWithHer and so is @cyndilauper! #Hillary2016 üé§üíÉüèªüòé https://t.co/pTGXPGRUUF,Thu Mar 17 01:35:51 +0000 2016,"California, USA",Central Time (US & Canada),Negative
710278444345479169,RT @RobinDallasTX: @JohnFromCranber Hillary Clinton was fired for making evidence up in Watergate https://t.co/yJVUkpFgy2,Thu Mar 17 01:35:52 +0000 2016,USA,Central Time (US & Canada),Negative
710278445423599617,RT @GlennHeiser: #StillSanders WHAT THE FUCK ARE YOU NOT GETTING?  HILLARY CLINTON IS PART OF THE FUCKING PROBLEM! https://t.co/Z2f4lulc05,Thu Mar 17 01:35:52 +0000 2016,,Pacific Time (US & Canada),Negative
710278444865732609,MSNBC Host Can‚Äôt Help But Be Perfectly Sexist To Hillary Clinton After... https://t.co/RwgbgyhKWw https://t.co/mubHFAMYCs,Thu Mar 17 01:35:52 +0000 2016,,Pacific Time (US & Canada),Negative
710278445633298432,"i made it to snopes

life is sweet https://t.co/Klign0ZcWA https://t.co/h1yRC5RIhh",Thu Mar 17 01:35:52 +0000 2016,"Haruhitown, NJ",Eastern Time (US & Canada),Negative
710278450964275200,RT @ARTSYJUDITH: Bernie Sanders Had a Phenomenal Night ‚Äî Here‚Äôs Why https://t.co/JYoHB1a0vi,Thu Mar 17 01:35:53 +0000 2016,"Brooklyn, New York",Central Time (US & Canada),Negative
710278452016877568,RT @newtgingrich: DC Metro closure perfect example of Bernie Sanders' big government theory and its failure.,Thu Mar 17 01:35:53 +0000 2016,"Vail, CO",,Negative
710278452339982336,#KKK grand #dragon endorses #Hillary #Clinton for #president https://t.co/YsTxt6m9Ur #usa #trump #gop #democrat @IntLibertarian #vote #obama,Thu Mar 17 01:35:54 +0000 2016,,Eastern Time (US & Canada),Negative
710278453434515457,Let's get the job done so the haters can't vote for Hillary. She is a criminal waiting 2 go 2 Prison+++ https://t.co/29XIbMtVTc,Thu Mar 17 01:35:54 +0000 2016,East Helena Montana,Mountain Time (US & Canada),Negative
710278454252404736,Bernie Sanders is literally just a democrat,Thu Mar 17 01:35:54 +0000 2016,hell,Atlantic Time (Canada),Negative
710278456391639040,Go on... https://t.co/G4wLC9Hr2r,Thu Mar 17 01:35:54 +0000 2016,"Washington, DC",Eastern Time (US & Canada),Neutral
710278457519947776,RT @RevoltPolitic: Bernie Sanders' best states are yet to come. #StillSanders https://t.co/tAxWtcabj5,Thu Mar 17 01:35:55 +0000 2016,West Palm Beach,Eastern Time (US & Canada),Negative
710278458451038208,#Ohio MSNBC Host Can‚Äôt Help But Be Perfectly Sexist To Hillary Clinton... https://t.co/nsMj0HlU1M https://t.co/sKw3Q9FM44,Thu Mar 17 01:35:55 +0000 2016,,,Negative
710278459906326529,"RT @GottaBernNow: Sorry, Hillary, but we‚Äôre done: I‚Äôm switching to Bernie Sanders https://t.co/mr2pikGpck #BernieSanders @BernieSanders #Hi‚Ä¶",Thu Mar 17 01:35:55 +0000 2016,"Las Cruces, NM",Central Time (US & Canada),Negative
710278460103495681,RT @GirlfriendNotes: somebody come get hillary clinton  https://t.co/sX0CxC6yme,Thu Mar 17 01:35:55 +0000 2016,dc,Central Time (US & Canada),Negative
710278465031966720,"RT @totalfratmove: Watch Hillary Clinton Lie For 14 Straight Minutes, Because Politics Are Honestly Hilarious: https://t.co/MBkK67Rt3o http‚Ä¶",Thu Mar 17 01:35:57 +0000 2016,"Huntsville, Alabama",,Negative
710278464788533248,RT @RawStory: Watch the Bernie Sanders speech the networks wouldn‚Äôt show you https://t.co/ORfxUydEHf,Thu Mar 17 01:35:56 +0000 2016,,,Negative
710278465094885377,RT @SurberRalph: She will make us third world country in less than a year she can not be in office https://t.co/GACLZciH8s,Thu Mar 17 01:35:57 +0000 2016,"Michigan, USA",,Negative
710278466223153152,MSNBC Host Can‚Äôt Help But Be Perfectly Sexist To Hillary Clinton After... https://t.co/L4KTky2oJE https://t.co/Rr5iLrgMNA,Thu Mar 17 01:35:57 +0000 2016,,,Negative
710278466789253120,She thick as hell tho  https://t.co/7kcrSVyBwl,Thu Mar 17 01:35:57 +0000 2016,w| Mysesha‚ù§Ô∏è,Central Time (US & Canada),Negative
710278470304198656,RT @wikileaks: 231 Hillary Clinton emails show the cozy dealings with Tony Blair 2010-2013 https://t.co/CCSIcYCFbu https://t.co/ug4L7dHu4p,Thu Mar 17 01:35:58 +0000 2016,,Eastern Time (US & Canada),Negative
710278470899798020,"RT @letat_lechat: Sanders ""opened space for intolerable misogyny, including ...from self-identified progressive men and women.""   https://t‚Ä¶",Thu Mar 17 01:35:58 +0000 2016,,Pacific Time (US & Canada),Negative
710278471025438720,RT @TrillAC_: Damn Bernie Sanders was really marching with Dr. King. That's crazy. https://t.co/N9OiM7dB7s,Thu Mar 17 01:35:58 +0000 2016,"5th DDDimension,Tx",Central Time (US & Canada),Negative
710278471444865024,Bull | Bernie Sanders https://t.co/vGXOqU1zYp via @YouTube,Thu Mar 17 01:35:58 +0000 2016,Spokane WA 99202,Pacific Time (US & Canada),Neutral
710278471851778049,"RT @totalfratmove: Watch Hillary Clinton Lie For 14 Straight Minutes, Because Politics Are Honestly Hilarious: https://t.co/MBkK67Rt3o http‚Ä¶",Thu Mar 17 01:35:58 +0000 2016,,Pacific Time (US & Canada),Negative
710278473550602240,RT @TnTrumpTrain: I am speaking out.  Hillary Clinton knows what's in @13hours  SHE WATCHED IT LIVE VIA DRONE 13 HOURS AND DID NOTHING http‚Ä¶,Thu Mar 17 01:35:59 +0000 2016,,Eastern Time (US & Canada),Negative
710278473051455490,MSNBC Host Can‚Äôt Help But Be Perfectly Sexist To Hillary Clinton After... https://t.co/DaW18HX48U https://t.co/WtbiXqanwq,Thu Mar 17 01:35:58 +0000 2016,,,Negative
710278476922630145,RT @jaflowers2: JUST IN: Developments Lead Bernie Sanders To Consider Demand Of Missouri Recount https://t.co/JblkuZntOc I thought he won M‚Ä¶,Thu Mar 17 01:35:59 +0000 2016,"Idaho, USA",,Negative
710278478374027264,"RT @NoChillOnTinder: Someone come get Hillary Clinton 
https://t.co/CvXHMGzhBO",Thu Mar 17 01:36:00 +0000 2016,,,Negative
710278481020657664,SICK! Young Bernie Sanders: Women Fantasize About Being Gang Raped ¬ª DailySurge https://t.co/prpyZCrf6w,Thu Mar 17 01:36:00 +0000 2016,Ohio,,Negative
710278481184202756,MSNBC Host Can‚Äôt Help But Be Perfectly Sexist To Hillary Clinton After... https://t.co/qcURDPUGWs https://t.co/pMV6KyI9Ot,Thu Mar 17 01:36:00 +0000 2016,,,Negative
710278482908090368,RT @RevoltPolitic: Bernie Sanders' best states are yet to come. #StillSanders https://t.co/tAxWtcabj5,Thu Mar 17 01:36:01 +0000 2016,"Boston, MA",Eastern Time (US & Canada),Negative
710278482949853184,RT @shaunkeating: @rosariodawson Why aren't more people talking about this? #FeelTheBern  https://t.co/2qEbRFyPzt,Thu Mar 17 01:36:01 +0000 2016,,Pacific Time (US & Canada),Negative
710278484413657090,https://t.co/49O8ghi5r8 Via @DailyCaller : Hillary Wins North Carolina Democratic Primary #Clinton #election2016,Thu Mar 17 01:36:01 +0000 2016,United Kingdom,Pacific Time (US & Canada),Negative
710278485307166721,"""At the end of the night, Hillary Clinton increased her delegate lead by about 100, still leaving Sanders plenty... https://t.co/5SVv0VzzP4",Thu Mar 17 01:36:01 +0000 2016,Washington DC,,Negative
710278486611644417,RT @willsmith: Bernie is still in striking distance of Hillary. Trump v. Clinton isn‚Äôt a lock yet: https://t.co/GnDm7aYukJ,Thu Mar 17 01:36:02 +0000 2016,"Chicago,IL",Central Time (US & Canada),Negative
710278486406139904,RT @wikileaks: Hillary Clinton emails on #Brazil's #Lula da Silva https://t.co/kRIArsODQ5 and cables: https://t.co/yo3JQooYG9,Thu Mar 17 01:36:02 +0000 2016,,,Negative
710278486766723072,"RT @Lg4Lg: Damn you Hillary Clinton stop 
blaming us For your ignorant ways. https://t.co/7RMrQAzb8X",Thu Mar 17 01:36:02 +0000 2016,"San Diego, CA",,Negative
710278487559409664,@joerogan  https://t.co/TtVzB67aTu,Thu Mar 17 01:36:02 +0000 2016,"Kirkland, WA",Pacific Time (US & Canada),Negative
710278488285175808,"RT @NoChillOnTinder: Someone come get Hillary Clinton 
https://t.co/CvXHMGzhBO",Thu Mar 17 01:36:02 +0000 2016,denial ,Eastern Time (US & Canada),Negative
710278488620724224,MSNBC Host Can‚Äôt Help But Be Perfectly Sexist To Hillary Clinton After... https://t.co/tvJtNMxqYE https://t.co/9ttvrSyhHs,Thu Mar 17 01:36:02 +0000 2016,,Kyiv,Negative
710278490566860801,I gotta click all the links too üò≥ https://t.co/tsy07CPvQI,Thu Mar 17 01:36:03 +0000 2016,"Philadelphia, PA",Central Time (US & Canada),Negative
710278494547267585,"In Blow to Bernie Sanders, Hillary Clinton Takes Ohio #fashion #shop #boutique #boutiqa #jumia #hmall #yamanda #for‚Ä¶ https://t.co/9V0sjHojsV",Thu Mar 17 01:36:04 +0000 2016,,,Negative
710278495960567809,RT @Bernie_Facts: Robert Reich Explains Why Bernie Sanders‚Äô Campaign Is Still Alive https://t.co/ndGS7BFP4H #StillSanders #FeelTheBern,Thu Mar 17 01:36:04 +0000 2016,San Antonio TX,,Negative
710278497483288576,"RT @totalfratmove: Watch Hillary Clinton Lie For 14 Straight Minutes, Because Politics Are Honestly Hilarious: https://t.co/MBkK67Rt3o http‚Ä¶",Thu Mar 17 01:36:04 +0000 2016,,Atlantic Time (Canada),Negative
710278497957056512,Not to mention raising middle class taxes 6000k on average. Also waiting lines for treatment and college. https://t.co/3No7wilRHO,Thu Mar 17 01:36:04 +0000 2016,,Eastern Time (US & Canada),Negative
710278498477318144,"@TrillSouth That's like: ""Pledge no support to Hillary Clinton until hell freezes over.""",Thu Mar 17 01:36:05 +0000 2016,"Bow, New Hampshire, USA",,Negative
710278500498935808,"RT @totalfratmove: Watch Hillary Clinton Lie For 14 Straight Minutes, Because Politics Are Honestly Hilarious: https://t.co/MBkK67Rt3o http‚Ä¶",Thu Mar 17 01:36:05 +0000 2016,252,Eastern Time (US & Canada),Negative
710278501077819393,"Bernie Sanders‚Äô Wife, Jane, Tours Tent City, Challenges Sheriff Joe Arpaio on Racial Profiling. https://t.co/5PxPPQilqH",Thu Mar 17 01:36:05 +0000 2016,,Quito,Neutral
710278501216198657,"Hillary Clinton‚Äôs Excellent Night, and a Peek Ahead to the Fall https://t.co/DCseytLrC3 via @UpshotNYT",Thu Mar 17 01:36:05 +0000 2016,,Atlantic Time (Canada),Negative
710278501287374848,RT @GlennHeiser: #StillSanders WHAT THE FUCK ARE YOU NOT GETTING?  HILLARY CLINTON IS PART OF THE FUCKING PROBLEM! https://t.co/Z2f4lulc05,Thu Mar 17 01:36:05 +0000 2016,HONG KONG,Eastern Time (US & Canada),Negative
710278501702569984,When your daughter starts dating black guys  https://t.co/jWBrFEmccv,Thu Mar 17 01:36:05 +0000 2016,Colorado State University,Arizona,Negative
710278502470123520,RT @beckdomee: somebody come get hillary clinton  https://t.co/eja3HV33gj,Thu Mar 17 01:36:05 +0000 2016,w da guys,Atlantic Time (Canada),Negative
710278504122871808,RT @GlennHeiser: #StillSanders WHAT THE FUCK ARE YOU NOT GETTING?  HILLARY CLINTON IS PART OF THE FUCKING PROBLEM! https://t.co/Z2f4lulc05,Thu Mar 17 01:36:06 +0000 2016,Midwest,,Negative
710278504881983489,"RT @ZaidJilani: Bernie Sanders is the last voice of resistance to potentially years of wars, bad deals, growing inequality, and monied corr‚Ä¶",Thu Mar 17 01:36:06 +0000 2016,London,London,Negative
710278506161291265,Bilderberg chooses Hillary Clinton for 2016? https://t.co/91vo3c14L8,Thu Mar 17 01:36:06 +0000 2016,Ohio,,Negative
710278508577075200,RT @NyniaChance: You know why Corporate Media is desperately declaring DNC primary over? They know future states favor #StillSanders https:‚Ä¶,Thu Mar 17 01:36:07 +0000 2016,"North Carolina, USA",,Negative
710278509424287744,RT @jbankier: Americans fear a life of 'dead-end crap jobs with crap wages' (via @cnn) https://t.co/8pRZgprQkT,Thu Mar 17 01:36:07 +0000 2016,"Arizona, USA",Mountain Time (US & Canada),Negative
710278509021757442,"Reminder: Without Hillary Clinton, the ""Citizens United"" case may have never reached the Supreme Court. https://t.co/c63GJL9yav",Thu Mar 17 01:36:07 +0000 2016,"Washington, D.C.",Eastern Time (US & Canada),Negative
710278510338674688,"In Blow to Bernie Sanders, Hillary Clinton Takes Ohio https://t.co/fFQFZdiiOZ",Thu Mar 17 01:36:07 +0000 2016,Atlanta GA,Eastern Time (US & Canada),Negative
710278511982985216,"RT @totalfratmove: Watch Hillary Clinton Lie For 14 Straight Minutes, Because Politics Are Honestly Hilarious: https://t.co/MBkK67Rt3o http‚Ä¶",Thu Mar 17 01:36:08 +0000 2016,"Terrytown, LA",Central Time (US & Canada),Negative
710278512998019072,"RT @totalfratmove: Watch Hillary Clinton Lie For 14 Straight Minutes, Because Politics Are Honestly Hilarious: https://t.co/MBkK67Rt3o http‚Ä¶",Thu Mar 17 01:36:08 +0000 2016,,Atlantic Time (Canada),Negative
710278512276594688,MSNBC Host Can‚Äôt Help But Be Perfectly Sexist To Hillary Clinton After... https://t.co/nQzQs8UUzN https://t.co/r20lWbQYQl,Thu Mar 17 01:36:08 +0000 2016,,London,Negative
710278513027391488,"RT @RevoltPolitic: ‚ÄúStarting today, the map now shifts dramatically in our favor.‚Äù - Bernie Sanders #StillSanders https://t.co/MQkFkQUNoy",Thu Mar 17 01:36:08 +0000 2016,,,Negative
710278513371164672,RT @WPJohnWagner: Bernie Sanders tells supporters he sees a winning streak coming https://t.co/RfuO2qnMTN,Thu Mar 17 01:36:08 +0000 2016,,Pacific Time (US & Canada),Negative
710278513694281728,"RT @NinjaEconomics: ""Anti-GMO and anti-nuclear policies aren‚Äôt forward thinking, evidence-based policy solutions. They‚Äôre anti-science."" ht‚Ä¶",Thu Mar 17 01:36:08 +0000 2016,"London, England",,Negative
710278514042413057,RT @Libertea2012: Matt Taibbi: 'How the New York Times Sandbagged Bernie Sanders' https://t.co/hWNh5GYzwD #NotMeUs https://t.co/wAfVEZZn2I,Thu Mar 17 01:36:08 +0000 2016,"Trinity, FL",Eastern Time (US & Canada),Negative
710278517351534592,RT @Mariasmithers42: hillary clinton looks like a buttered up alpaca that was twice cooked in the microwave  pass it on,Thu Mar 17 01:36:09 +0000 2016,Rise Kujikawa Fan Club,Pacific Time (US & Canada),Negative
710278518756798464,MSNBC Host Can‚Äôt Help But Be Perfectly Sexist To Hillary Clinton After... https://t.co/FFPddlGnfq https://t.co/8U6PPdw2zk,Thu Mar 17 01:36:09 +0000 2016,,London,Negative
710278521822715904,RT @jppagoto: 33 Percent of Bernie Supporters Will Not Vote for Hillary. Here's Why https://t.co/zQdUdcB33k via @HuffPostPol #StillSanders,Thu Mar 17 01:36:10 +0000 2016,EARTH,Eastern Time (US & Canada),Negative
710278522259042304,Hello I https://t.co/mRhck5MiEA,Thu Mar 17 01:36:10 +0000 2016,,,Negative
710278524632850432,@thespyfm This film critic that referred to Bernie Sanders while talking about communism is.. sad. 1/2,Thu Mar 17 01:36:11 +0000 2016,OKC,Central Time (US & Canada),Negative
710278525526347776,RT @RevoltPolitic: Bernie Sanders' best states are yet to come. #StillSanders https://t.co/tAxWtcabj5,Thu Mar 17 01:36:11 +0000 2016,"Saint John, New Brunswick",Pacific Time (US & Canada),Negative
710278526830780416,RT @cachobweeney: Gwad-d... https://t.co/f9CEsooFAe,Thu Mar 17 01:36:11 +0000 2016,Urgent Message Below,Eastern Time (US & Canada),Negative
710278530035273728,"Hillary Clinton and Donald Trump Are Winning Votes, but Not Hearts - The New York Times https://t.co/jZLiQBdXeM",Thu Mar 17 01:36:12 +0000 2016,"Hot Springs, Arkansas  71901",Central Time (US & Canada),Negative
710278530605686784,RT @Thom_Hartmann: Fossil fuel investors are pumping millions of dollars into Hillary Clinton's campaign: https://t.co/qJe4eYY6AN via @vice‚Ä¶,Thu Mar 17 01:36:12 +0000 2016,"Greenville,NC",,Negative
710278533990457345,Who is the audience for this tweet? https://t.co/OCvTvFVob8,Thu Mar 17 01:36:13 +0000 2016,WDC,,Negative
710278534510546944,MSNBC Host Can‚Äôt Help But Be Perfectly Sexist To Hillary Clinton After... https://t.co/0h1ozmiDoA https://t.co/ClKJzvYDJ5,Thu Mar 17 01:36:13 +0000 2016,,Baghdad,Negative
710278538184634368,üòîüòîüòî https://t.co/IiZxqWtZ8g,Thu Mar 17 01:36:14 +0000 2016,"Phoenix, AZ",Arizona,Negative
710278539698946049,"RT @DoomsdaysCW: #StillSanders because Bernie loves animals! 100% rating from Humane Society Legislative Fund
https://t.co/C4JytkkFxP https‚Ä¶",Thu Mar 17 01:36:14 +0000 2016,,Atlantic Time (Canada),Negative
710278541598785536,RT @PegHelgerson: Bernie Sanders draws his biggest crowd yet - in Arizona of all places https://t.co/sqvxhxcP51,Thu Mar 17 01:36:15 +0000 2016,WORLDWIDE!!! #BlackLivesMatter,,Negative
710278542332862465,"RT @NatObserver: 'Be careful, Bernie': Trump threatens to send supporters to disrupt Sanders rallies https://t.co/susq4vZQ8Y #uspoli https:‚Ä¶",Thu Mar 17 01:36:15 +0000 2016,,Pacific Time (US & Canada),Negative
710278541837860864,"I'm going to a volunteer event for Bernie Sanders! Find events near you! https://t.co/bFOXT1mt3q
It's not over. Keep up the good fight!",Thu Mar 17 01:36:15 +0000 2016,Arizona,Arizona,Negative
710278543494803456,"RT @Vets4Bernie: In 2008, Barack Obama lost 21 states to Hillary Clinton before eventually beating her nationally. This ain't over folks. #‚Ä¶",Thu Mar 17 01:36:15 +0000 2016,Florida,Eastern Time (US & Canada),Negative
710278544157515776,"RT @wikileaks: RELEASE: Search engine for 30,322 Hillary Clinton emails https://t.co/XcH75u3kbu #Hillary2016 https://t.co/hGlsCUKWDY",Thu Mar 17 01:36:15 +0000 2016,,Athens,Negative
710278544631287808,"RT @totalfratmove: Watch Hillary Clinton Lie For 14 Straight Minutes, Because Politics Are Honestly Hilarious: https://t.co/MBkK67Rt3o http‚Ä¶",Thu Mar 17 01:36:16 +0000 2016,Charlotte NC,,Negative
710278545449328640,"RT @relombardo3: Bernie Sanders Draws His Yuuugest Crowd Yet - in Arizona of All Places 
https://t.co/Hpw2W1BFaO
#StillBernie #BeTheRevolut‚Ä¶",Thu Mar 17 01:36:16 +0000 2016,Boston ,Eastern Time (US & Canada),Negative
710278547722674176,RT @DiariodeCaracas: Trump se burla de Hillary Clinton en v√≠deo de Instagram (Video) https://t.co/J7DArab19A,Thu Mar 17 01:36:16 +0000 2016,En una burbuja. ,Caracas,Negative
710278550478266369,@lexi4prez can u make a why you should vote for Bernie sanders thread,Thu Mar 17 01:36:17 +0000 2016,,Eastern Time (US & Canada),Negative
710278551711432706,Bill Clinton Illegally INSIDE IL Polling Place - Sanders Supporters Demand Hillary Forfeit Delegates https://t.co/n5jmSdkVkq,Thu Mar 17 01:36:17 +0000 2016,,Atlantic Time (Canada),Negative
710278552407543810,RT @Hillarizer: Here's the math for #BernieSanders going forward. It doesn't look good. #HillaryClinton https://t.co/QePqfqKfOT https://t.c‚Ä¶,Thu Mar 17 01:36:17 +0000 2016,,Pacific Time (US & Canada),Negative
710278556316786688,RT @DornerMonica: Why selfishness is what makes Nordic-style social welfare work: https://t.co/chrGT9I2L7 #sanders #Clinton #socialwelfare ‚Ä¶,Thu Mar 17 01:36:18 +0000 2016,,,Negative
710278557335851008,RT @newtgingrich: DC Metro closure perfect example of Bernie Sanders' big government theory and its failure.,Thu Mar 17 01:36:19 +0000 2016,,,Negative
710278559714123776,RT @girlideas: somebody come get hillary clinton  https://t.co/SlsP6AgQFQ,Thu Mar 17 01:36:19 +0000 2016,,Pacific Time (US & Canada),Negative
710278559789494272,Bernie Sanders pls win,Thu Mar 17 01:36:19 +0000 2016,United States,,Neutral
710278561119268864,RT @rogiloc: Bernie federal healthcare will eliminate abortion coverage &amp; jeopardize birth control #StillSanders #ImWithHer https://t.co/9Q‚Ä¶,Thu Mar 17 01:36:19 +0000 2016,"Connecticut, USA",,Negative
710278561513365504,RT @franifio: Hillary Clinton's War Record--what we aren't talking about and why it matters. A deeper dive for @ajplus https://t.co/IhVMY2E‚Ä¶,Thu Mar 17 01:36:20 +0000 2016,"San Francisco, CA",,Negative
710278563769921536,RT @CNNPolitics: A new Donald Trump video uses Vladimir Putin to jab Hillary Clinton for barking like a dog https://t.co/WpfoTQSfrN https:/‚Ä¶,Thu Mar 17 01:36:20 +0000 2016,,,Negative
710278565229568000,RT @amrightnow: Hillary Clinton should be in Jail Not on the campaign Trail #realdonaldtrump #military #army #navy #usmc https://t.co/CL9tR‚Ä¶,Thu Mar 17 01:36:20 +0000 2016,Not in Liberal land. ,,Negative
710278566169026562,RT @NyniaChance: You know why Corporate Media is desperately declaring DNC primary over? They know future states favor #StillSanders https:‚Ä¶,Thu Mar 17 01:36:21 +0000 2016,"Oregon, USA",,Negative
710278567251169281,"RT @malachidsimpson: Molly Wilson is kinda like Hillary Clinton. You don't really like her, but she'll win anyways.",Thu Mar 17 01:36:21 +0000 2016,"Big Lake, WA",,Negative
