712378173917278208,bernie sanders,roger ver issues bitcoin bounty for bernie sanders debate coindesk,Tue Mar 22 20:39:26 +0000 2016,Minneapolis,
712378174248722432,bernie sanders,roger ver issues bitcoin bounty for bernie sanders debate coindesk,Tue Mar 22 20:39:26 +0000 2016,,
712378173992730624,bernie sanders,roger ver issues bitcoin bounty for bernie sanders debate coindesk,Tue Mar 22 20:39:26 +0000 2016,,
712378155361640448,hillary clinton,fact: hillary clinton wakes every morning with relief that marco rubio out the race.,Tue Mar 22 20:39:22 +0000 2016,,
712378174408146950,bernie sanders,roger ver issues bitcoin bounty for bernie sanders debate coindesk,Tue Mar 22 20:39:26 +0000 2016,Morristown,
712378174093398016,bernie sanders,roger ver issues bitcoin bounty for bernie sanders debate coindesk,Tue Mar 22 20:39:26 +0000 2016,Lincoln,
712378173715980288,bernie sanders,roger ver issues bitcoin bounty for bernie sanders debate coindesk,Tue Mar 22 20:39:26 +0000 2016,Jackson,
712378174760488960,bernie sanders,roger ver issues bitcoin bounty for bernie sanders debate coindesk,Tue Mar 22 20:39:26 +0000 2016,Cheyenne,
712378167483215872,bernie sanders,roger ver issues bitcoin bounty for bernie sanders debate coindesk,Tue Mar 22 20:39:25 +0000 2016,Santa Fe,
712378174647177216,bernie sanders,roger ver issues bitcoin bounty for bernie sanders debate coindesk,Tue Mar 22 20:39:26 +0000 2016,Des Moines,
712378175091810304,donald trump,"donald trump's presser, offered random woman who was randomly the crowd job interview.",Tue Mar 22 20:39:26 +0000 2016,,
712378174860951553,bernie sanders,roger ver issues bitcoin bounty for bernie sanders debate coindesk,Tue Mar 22 20:39:26 +0000 2016,,
712378175091830785,bernie sanders,roger ver issues bitcoin bounty for bernie sanders debate coindesk,Tue Mar 22 20:39:26 +0000 2016,Boise,
712378159191044096,donald trump,mischaÃ«l modrikamen supports donald trump,Tue Mar 22 20:39:23 +0000 2016,"Louisville, KY",
712378175083274240,donald trump,message from brussels. support donald trump via,Tue Mar 22 20:39:26 +0000 2016, ,Arizona
712378173917278208,bernie sanders,roger ver issues bitcoin bounty for bernie sanders debate coindesk,Tue Mar 22 20:39:26 +0000 2016,Minneapolis,
712378176064724992,bernie sanders,roger ver issues bitcoin bounty for bernie sanders debate coindesk,Tue Mar 22 20:39:27 +0000 2016,Trenton,
712378175947280384,bernie sanders,roger ver issues bitcoin bounty for bernie sanders debate coindesk,Tue Mar 22 20:39:27 +0000 2016,,
712378176123482112,bernie sanders,roger ver issues bitcoin bounty for bernie sanders debate coindesk,Tue Mar 22 20:39:27 +0000 2016,,
712378176597573632,bernie sanders,roger ver issues bitcoin bounty for bernie sanders debate coindesk,Tue Mar 22 20:39:27 +0000 2016,Jackson,
712378176589025280,bernie sanders,roger ver issues bitcoin bounty for bernie sanders debate coindesk,Tue Mar 22 20:39:27 +0000 2016,Salem,
712378176572235776,bernie sanders,roger ver issues bitcoin bounty for bernie sanders debate coindesk,Tue Mar 22 20:39:27 +0000 2016,Cheyenne,
712378176500936704,bernie sanders,roger ver issues bitcoin bounty for bernie sanders debate coindesk,Tue Mar 22 20:39:27 +0000 2016,Montpelier,
712378176563851264,bernie sanders,roger ver issues bitcoin bounty for bernie sanders debate coindesk,Tue Mar 22 20:39:27 +0000 2016,Boston,
712378176651919360,bernie sanders,roger ver issues bitcoin bounty for bernie sanders debate coindesk,Tue Mar 22 20:39:27 +0000 2016,Nashville,
712378176844992512,bernie sanders,roger ver issues bitcoin bounty for bernie sanders debate coindesk,Tue Mar 22 20:39:27 +0000 2016,Columbus,
712378176639381504,bernie sanders,roger ver issues bitcoin bounty for bernie sanders debate coindesk,Tue Mar 22 20:39:27 +0000 2016,Harrisburg,
712378176559648768,bernie sanders,roger ver issues bitcoin bounty for bernie sanders debate coindesk,Tue Mar 22 20:39:27 +0000 2016,Trenton,
712378176941461507,bernie sanders,roger ver issues bitcoin bounty for bernie sanders debate coindesk,Tue Mar 22 20:39:27 +0000 2016,Concord,
712378176706482176,bernie sanders,roger ver issues bitcoin bounty for bernie sanders debate coindesk,Tue Mar 22 20:39:27 +0000 2016,,
712378177553719296,bernie sanders,roger ver issues bitcoin bounty for bernie sanders debate coindesk,Tue Mar 22 20:39:27 +0000 2016,Montpelier,
712378177331470336,bernie sanders,roger ver issues bitcoin bounty for bernie sanders debate coindesk,Tue Mar 22 20:39:27 +0000 2016,,
712378177788612608,bernie sanders,roger ver issues bitcoin bounty for bernie sanders debate coindesk,Tue Mar 22 20:39:27 +0000 2016,Columbus,
712378177952198656,bernie sanders,roger ver issues bitcoin bounty for bernie sanders debate coindesk,Tue Mar 22 20:39:27 +0000 2016,Jackson,
712378177960607744,bernie sanders,roger ver issues bitcoin bounty for bernie sanders debate coindesk,Tue Mar 22 20:39:27 +0000 2016,,
712378178166099970,bernie sanders,roger ver issues bitcoin bounty for bernie sanders debate coindesk,Tue Mar 22 20:39:27 +0000 2016,,
712378178497449984,bernie sanders,roger ver issues bitcoin bounty for bernie sanders debate coindesk,Tue Mar 22 20:39:27 +0000 2016,Los Angeles,
712378178942197760,bernie sanders,roger ver issues bitcoin bounty for bernie sanders debate coindesk,Tue Mar 22 20:39:27 +0000 2016,Portland,
712378179294535680,bernie sanders,roger ver issues bitcoin bounty for bernie sanders debate coindesk,Tue Mar 22 20:39:27 +0000 2016,,
712378179353255936,bernie sanders,roger ver issues bitcoin bounty for bernie sanders debate coindesk,Tue Mar 22 20:39:27 +0000 2016,,
712378179369967617,bernie sanders,roger ver issues bitcoin bounty for bernie sanders debate coindesk,Tue Mar 22 20:39:27 +0000 2016,Denver,
712378179214811136,hillary clinton,your thoughts... why the turnout november should help hillary clinton via,Tue Mar 22 20:39:27 +0000 2016,,Pacific Time (US & Canada)
712378179432931331,bernie sanders,roger ver issues bitcoin bounty for bernie sanders debate coindesk,Tue Mar 22 20:39:27 +0000 2016,Concord,
712378179407781894,bernie sanders,roger ver issues bitcoin bounty for bernie sanders debate coindesk,Tue Mar 22 20:39:27 +0000 2016,San Francisco,
712378178996535297,bernie sanders,roger ver issues bitcoin bounty for bernie sanders debate coindesk,Tue Mar 22 20:39:27 +0000 2016,Kansas City,
712378179747352576,bernie sanders,roger ver issues bitcoin bounty for bernie sanders debate coindesk,Tue Mar 22 20:39:28 +0000 2016,,
712378180099768320,bernie sanders,roger ver issues bitcoin bounty for bernie sanders debate coindesk,Tue Mar 22 20:39:28 +0000 2016,Providence,
712378180129185793,bernie sanders,roger ver issues bitcoin bounty for bernie sanders debate coindesk,Tue Mar 22 20:39:28 +0000 2016,Lincoln,
712378179957043200,donald trump,ğŸš¨belgium president the people's party mischaÃ«l modrikamen endorses donald trump for president,Tue Mar 22 20:39:28 +0000 2016,"Texas, USA",
712378180296904704,bernie sanders,roger ver issues bitcoin bounty for bernie sanders debate coindesk,Tue Mar 22 20:39:28 +0000 2016,,
712378180183662593,bernie sanders,roger ver issues bitcoin bounty for bernie sanders debate coindesk,Tue Mar 22 20:39:28 +0000 2016,Oklahoma City,
712378180061954048,bernie sanders,roger ver issues bitcoin bounty for bernie sanders debate coindesk,Tue Mar 22 20:39:28 +0000 2016,Montgomery,
712378180833779713,bernie sanders,roger ver issues bitcoin bounty for bernie sanders debate coindesk,Tue Mar 22 20:39:28 +0000 2016,Bismarck,
712378180565278720,hillary clinton,read full transcript hillary clinton's speech aipac the u.s.-israel relationship,Tue Mar 22 20:39:28 +0000 2016,Cuernavaca,
712378180858941441,bernie sanders,bernie sanders has the strongest immigration record,Tue Mar 22 20:39:28 +0000 2016,,
712378181022449665,bernie sanders,roger ver issues bitcoin bounty for bernie sanders debate coindesk,Tue Mar 22 20:39:28 +0000 2016,Salt Lake City,
712378181265838080,donald trump,the usual islamophobic reactions the vicious act terror brussels are full swing with donald trump and...,Tue Mar 22 20:39:28 +0000 2016,"London, England",Brussels
712378181706186752,bernie sanders,roger ver issues bitcoin bounty for bernie sanders debate coindesk,Tue Mar 22 20:39:28 +0000 2016,Lincoln,
712378181790081024,hillary clinton,role hillary brother haiti gold mine raises eyebrows the washington post,Tue Mar 22 20:39:28 +0000 2016,,Atlantic Time (Canada)
712378182020800513,donald trump,terrorism expert just tore apart donald trump's response the belgium attacks via,Tue Mar 22 20:39:28 +0000 2016,"Berlin, Germany ",
712378182377283584,bernie sanders,roger ver issues bitcoin bounty for bernie sanders debate coindesk,Tue Mar 22 20:39:28 +0000 2016,New Orleans,
712378182494588928,donald trump,"after brussels, isn't time started listening more seriously donald trump terror? new column:",Tue Mar 22 20:39:28 +0000 2016,"Phyrrus, Helghan",
712378182788210689,bernie sanders,roger ver issues bitcoin bounty for bernie sanders debate coindesk,Tue Mar 22 20:39:28 +0000 2016,Chicago,
712378183409082368,donald trump,"not only would beat donald trump utah, would beat him badly. utah: vote win the white house.",Tue Mar 22 20:39:28 +0000 2016,New Jersey,
712378182767288320,bernie sanders,roger ver issues bitcoin bounty for bernie sanders debate coindesk,Tue Mar 22 20:39:28 +0000 2016,,
712378182494588928,donald trump,"after brussels, isn't time started listening more seriously donald trump terror? new column:",Tue Mar 22 20:39:28 +0000 2016,"Phyrrus, Helghan",
712378183996276736,bernie sanders,roger ver issues bitcoin bounty for bernie sanders debate coindesk,Tue Mar 22 20:39:29 +0000 2016,Frankfort,
712378182461042688,bernie sanders,roger ver issues bitcoin bounty for bernie sanders debate coindesk,Tue Mar 22 20:39:28 +0000 2016,,
712378184419950592,bernie sanders,roger ver issues bitcoin bounty for bernie sanders debate coindesk,Tue Mar 22 20:39:29 +0000 2016,Trenton,
712378185300709376,bernie sanders,roger ver issues bitcoin bounty for bernie sanders debate coindesk,Tue Mar 22 20:39:29 +0000 2016,Santa Fe,
712378184654655488,bernie sanders,roger ver issues bitcoin bounty for bernie sanders debate coindesk,Tue Mar 22 20:39:29 +0000 2016,Hawaii,
712378185455964160,bernie sanders,roger ver issues bitcoin bounty for bernie sanders debate coindesk,Tue Mar 22 20:39:29 +0000 2016,Lincoln,
712378185334333441,bernie sanders,roger ver issues bitcoin bounty for bernie sanders debate coindesk,Tue Mar 22 20:39:29 +0000 2016,Carson City,
712378186093309952,bernie sanders,roger ver issues bitcoin bounty for bernie sanders debate coindesk,Tue Mar 22 20:39:29 +0000 2016,San Francisco,
712378186328199170,bernie sanders,roger ver issues bitcoin bounty for bernie sanders debate coindesk,Tue Mar 22 20:39:29 +0000 2016,Phoenix,
712378186450001921,bernie sanders,roger ver issues bitcoin bounty for bernie sanders debate coindesk,Tue Mar 22 20:39:29 +0000 2016,,
712378186814742529,bernie sanders,roger ver issues bitcoin bounty for bernie sanders debate coindesk,Tue Mar 22 20:39:29 +0000 2016,Alaska,
712378186970038272,bernie sanders,roger ver issues bitcoin bounty for bernie sanders debate coindesk,Tue Mar 22 20:39:29 +0000 2016,Columbus,
712378186500333568,bernie sanders,rep. tulsi gabbard: bernie sanders the commander chief need via,Tue Mar 22 20:39:29 +0000 2016,Coimbatore,Chennai
712378186814791680,bernie sanders,roger ver issues bitcoin bounty for bernie sanders debate coindesk,Tue Mar 22 20:39:29 +0000 2016,Alaska,
712378187339141120,bernie sanders,roger ver issues bitcoin bounty for bernie sanders debate coindesk,Tue Mar 22 20:39:29 +0000 2016,Trenton,
712378187473358848,bernie sanders,roger ver issues bitcoin bounty for bernie sanders debate coindesk,Tue Mar 22 20:39:29 +0000 2016,Dallas,
712378182461034497,bernie sanders,roger ver issues bitcoin bounty for bernie sanders debate coindesk,Tue Mar 22 20:39:28 +0000 2016,,
712378183996211201,bernie sanders,roger ver issues bitcoin bounty for bernie sanders debate coindesk,Tue Mar 22 20:39:29 +0000 2016,Salem,
712378185090879488,bernie sanders,roger ver issues bitcoin bounty for bernie sanders debate coindesk,Tue Mar 22 20:39:29 +0000 2016,Richmond,
712378187620163585,bernie sanders,roger ver issues bitcoin bounty for bernie sanders debate coindesk,Tue Mar 22 20:39:29 +0000 2016,Montgomery,
712378186772967424,donald trump,why not donald trump? via,Tue Mar 22 20:39:29 +0000 2016,FOUNDERS HOME LAND,Eastern Time (US & Canada)
712378187896979456,bernie sanders,roger ver issues bitcoin bounty for bernie sanders debate coindesk,Tue Mar 22 20:39:29 +0000 2016,Olympia,
712378185753583616,bernie sanders,roger ver issues bitcoin bounty for bernie sanders debate coindesk,Tue Mar 22 20:39:29 +0000 2016,,
712378182758862848,donald trump,donald trump's interview with the washington post totally bananas,Tue Mar 22 20:39:28 +0000 2016,"Lafayette, CO",
712378187624423424,bernie sanders,roger ver issues bitcoin bounty for bernie sanders debate coindesk,Tue Mar 22 20:39:29 +0000 2016,Charleston,
712378187066388480,bernie sanders,roger ver issues bitcoin bounty for bernie sanders debate coindesk,Tue Mar 22 20:39:29 +0000 2016,San Francisco,
712378187997577216,bernie sanders,roger ver issues bitcoin bounty for bernie sanders debate coindesk,Tue Mar 22 20:39:30 +0000 2016,,
712378182872145920,bernie sanders,roger ver issues bitcoin bounty for bernie sanders debate coindesk,Tue Mar 22 20:39:28 +0000 2016,Richmond,
712378186256912384,bernie sanders,roger ver issues bitcoin bounty for bernie sanders debate coindesk,Tue Mar 22 20:39:29 +0000 2016,Los Angeles,
712378188383567872,bernie sanders,roger ver issues bitcoin bounty for bernie sanders debate coindesk,Tue Mar 22 20:39:30 +0000 2016,Dover,
712378186961530880,bernie sanders,roger ver issues bitcoin bounty for bernie sanders debate coindesk,Tue Mar 22 20:39:29 +0000 2016,Tallahassee,
712378188027056130,bernie sanders,roger ver issues bitcoin bounty for bernie sanders debate coindesk,Tue Mar 22 20:39:30 +0000 2016,,
712378188442181632,bernie sanders,roger ver issues bitcoin bounty for bernie sanders debate coindesk,Tue Mar 22 20:39:30 +0000 2016,Portland,
712378188874194948,bernie sanders,roger ver issues bitcoin bounty for bernie sanders debate coindesk,Tue Mar 22 20:39:30 +0000 2016,,
712378189180309504,bernie sanders,roger ver issues bitcoin bounty for bernie sanders debate coindesk,Tue Mar 22 20:39:30 +0000 2016,Kansas City,
712378188559613953,bernie sanders,sanders opposes fracking unless it's mining frâ€¦,Tue Mar 22 20:39:30 +0000 2016,USA - Land of Obama ,Central Time (US & Canada)
712378189557866496,bernie sanders,roger ver issues bitcoin bounty for bernie sanders debate coindesk,Tue Mar 22 20:39:30 +0000 2016,Dallas,
712378190103187456,donald trump,"_alud: estoy diciendo que pienso voz alta: facultad nombraron donald trump dije: ""que asco"".",Tue Mar 22 20:39:30 +0000 2016,,Santiago
712378189981425664,bernie sanders,roger ver issues bitcoin bounty for bernie sanders debate coindesk,Tue Mar 22 20:39:30 +0000 2016,,
712378190195466245,bernie sanders,roger ver issues bitcoin bounty for bernie sanders debate coindesk,Tue Mar 22 20:39:30 +0000 2016,Dover,
712378190262636545,bernie sanders,roger ver issues bitcoin bounty for bernie sanders debate coindesk,Tue Mar 22 20:39:30 +0000 2016,Kansas City,
712378190220517377,bernie sanders,roger ver issues bitcoin bounty for bernie sanders debate coindesk,Tue Mar 22 20:39:30 +0000 2016,Minneapolis,
712378188907675648,bernie sanders,roger ver issues bitcoin bounty for bernie sanders debate coindesk,Tue Mar 22 20:39:30 +0000 2016,San Francisco,
712378190191153152,bernie sanders,roger ver issues bitcoin bounty for bernie sanders debate coindesk,Tue Mar 22 20:39:30 +0000 2016,Lincoln,
712378190535077888,bernie sanders,roger ver issues bitcoin bounty for bernie sanders debate coindesk,Tue Mar 22 20:39:30 +0000 2016,Frankfort,
712378190522519552,donald trump,"after brussels, isn't time started listening more seriously donald trump terror? new column:",Tue Mar 22 20:39:30 +0000 2016,"Register, Georgia",Eastern Time (US & Canada)
712378190971478020,bernie sanders,roger ver issues bitcoin bounty for bernie sanders debate coindesk,Tue Mar 22 20:39:30 +0000 2016,Madison,
712378191545901056,bernie sanders,woke bernie sanders' email about the win reminding ğŸŒŸevery delegate counts.ğŸŒŸ,Tue Mar 22 20:39:30 +0000 2016,,
712378191587844096,bernie sanders,roger ver issues bitcoin bounty for bernie sanders debate coindesk,Tue Mar 22 20:39:30 +0000 2016,,
712378192191954945,bernie sanders,roger ver issues bitcoin bounty for bernie sanders debate coindesk,Tue Mar 22 20:39:31 +0000 2016,,
712378192481402880,bernie sanders,roger ver issues bitcoin bounty for bernie sanders debate coindesk,Tue Mar 22 20:39:31 +0000 2016,Frankfort,
712378192753991680,bernie sanders,roger ver issues bitcoin bounty for bernie sanders debate coindesk,Tue Mar 22 20:39:31 +0000 2016,New Orleans,
